"","alias","abbr","vote","noOfLgas","lgaCollated","registeredVote","totalVote","slug","updatedAt"
"1","abia","APM",608,17,17,2120808,370037,"d9762ffc-a2bf-40b7-aa86-8b9fef2dc15d","2023-02-28T17:34:24.26665"
"2","abia","APP",672,17,17,2120808,370037,"d9762ffc-a2bf-40b7-aa86-8b9fef2dc15d","2023-02-28T17:34:24.26665"
"3","abia","BP",348,17,17,2120808,370037,"d9762ffc-a2bf-40b7-aa86-8b9fef2dc15d","2023-02-28T17:34:24.26665"
"4","abia","LP",327095,17,17,2120808,370037,"d9762ffc-a2bf-40b7-aa86-8b9fef2dc15d","2023-02-28T17:34:24.26665"
"5","abia","NNPP",1239,17,17,2120808,370037,"d9762ffc-a2bf-40b7-aa86-8b9fef2dc15d","2023-02-28T17:34:24.26665"
"6","abia","SDP",144,17,17,2120808,370037,"d9762ffc-a2bf-40b7-aa86-8b9fef2dc15d","2023-02-28T17:34:24.26665"
"7","abia","YPP",1861,17,17,2120808,370037,"d9762ffc-a2bf-40b7-aa86-8b9fef2dc15d","2023-02-28T17:34:24.26665"
"8","abia","ZLP",1039,17,17,2120808,370037,"d9762ffc-a2bf-40b7-aa86-8b9fef2dc15d","2023-02-28T17:34:24.26665"
"9","abia","APGA",3943,17,17,2120808,370037,"d9762ffc-a2bf-40b7-aa86-8b9fef2dc15d","2023-02-28T17:34:24.26665"
"10","abia","PDP",22676,17,17,2120808,370037,"d9762ffc-a2bf-40b7-aa86-8b9fef2dc15d","2023-02-28T17:34:24.26665"
"11","abia","PRP",97,17,17,2120808,370037,"d9762ffc-a2bf-40b7-aa86-8b9fef2dc15d","2023-02-28T17:34:24.26665"
"12","abia","A",213,17,17,2120808,370037,"d9762ffc-a2bf-40b7-aa86-8b9fef2dc15d","2023-02-28T17:34:24.26665"
"13","abia","AA",109,17,17,2120808,370037,"d9762ffc-a2bf-40b7-aa86-8b9fef2dc15d","2023-02-28T17:34:24.26665"
"14","abia","NRM",138,17,17,2120808,370037,"d9762ffc-a2bf-40b7-aa86-8b9fef2dc15d","2023-02-28T17:34:24.26665"
"15","abia","AAC",179,17,17,2120808,370037,"d9762ffc-a2bf-40b7-aa86-8b9fef2dc15d","2023-02-28T17:34:24.26665"
"16","abia","ADC",522,17,17,2120808,370037,"d9762ffc-a2bf-40b7-aa86-8b9fef2dc15d","2023-02-28T17:34:24.26665"
"17","abia","ADP",240,17,17,2120808,370037,"d9762ffc-a2bf-40b7-aa86-8b9fef2dc15d","2023-02-28T17:34:24.26665"
"18","abia","APC",8914,17,17,2120808,370037,"d9762ffc-a2bf-40b7-aa86-8b9fef2dc15d","2023-02-28T17:34:24.26665"
"19","adamawa","YPP",958,21,21,2196566,731140,"c73d7e72-0b3f-44de-a104-79953c7d26b6","2023-02-27T21:06:09.498004"
"20","adamawa","ADP",1906,21,21,2196566,731140,"c73d7e72-0b3f-44de-a104-79953c7d26b6","2023-02-27T21:06:09.498004"
"21","adamawa","A",654,21,21,2196566,731140,"c73d7e72-0b3f-44de-a104-79953c7d26b6","2023-02-27T21:06:09.498004"
"22","adamawa","AA",536,21,21,2196566,731140,"c73d7e72-0b3f-44de-a104-79953c7d26b6","2023-02-27T21:06:09.498004"
"23","adamawa","AAC",646,21,21,2196566,731140,"c73d7e72-0b3f-44de-a104-79953c7d26b6","2023-02-27T21:06:09.498004"
"24","adamawa","ADC",3398,21,21,2196566,731140,"c73d7e72-0b3f-44de-a104-79953c7d26b6","2023-02-27T21:06:09.498004"
"25","adamawa","ZLP",2257,21,21,2196566,731140,"c73d7e72-0b3f-44de-a104-79953c7d26b6","2023-02-27T21:06:09.498004"
"26","adamawa","APC",182881,21,21,2196566,731140,"c73d7e72-0b3f-44de-a104-79953c7d26b6","2023-02-27T21:06:09.498004"
"27","adamawa","APGA",887,21,21,2196566,731140,"c73d7e72-0b3f-44de-a104-79953c7d26b6","2023-02-27T21:06:09.498004"
"28","adamawa","APM",650,21,21,2196566,731140,"c73d7e72-0b3f-44de-a104-79953c7d26b6","2023-02-27T21:06:09.498004"
"29","adamawa","APP",372,21,21,2196566,731140,"c73d7e72-0b3f-44de-a104-79953c7d26b6","2023-02-27T21:06:09.498004"
"30","adamawa","BP",522,21,21,2196566,731140,"c73d7e72-0b3f-44de-a104-79953c7d26b6","2023-02-27T21:06:09.498004"
"31","adamawa","LP",105648,21,21,2196566,731140,"c73d7e72-0b3f-44de-a104-79953c7d26b6","2023-02-27T21:06:09.498004"
"32","adamawa","NNPP",8006,21,21,2196566,731140,"c73d7e72-0b3f-44de-a104-79953c7d26b6","2023-02-27T21:06:09.498004"
"33","adamawa","NRM",1563,21,21,2196566,731140,"c73d7e72-0b3f-44de-a104-79953c7d26b6","2023-02-27T21:06:09.498004"
"34","adamawa","PDP",417611,21,21,2196566,731140,"c73d7e72-0b3f-44de-a104-79953c7d26b6","2023-02-27T21:06:09.498004"
"35","adamawa","PRP",701,21,21,2196566,731140,"c73d7e72-0b3f-44de-a104-79953c7d26b6","2023-02-27T21:06:09.498004"
"36","adamawa","SDP",1944,21,21,2196566,731140,"c73d7e72-0b3f-44de-a104-79953c7d26b6","2023-02-27T21:06:09.498004"
"37","akwa_ibom","ZLP",4124,31,31,2357418,555089,"0df2efae-5912-43aa-aaa7-54ca4a2539c2","2023-02-28T17:12:03.152642"
"38","akwa_ibom","A",860,31,31,2357418,555089,"0df2efae-5912-43aa-aaa7-54ca4a2539c2","2023-02-28T17:12:03.152642"
"39","akwa_ibom","AA",289,31,31,2357418,555089,"0df2efae-5912-43aa-aaa7-54ca4a2539c2","2023-02-28T17:12:03.152642"
"40","akwa_ibom","AAC",626,31,31,2357418,555089,"0df2efae-5912-43aa-aaa7-54ca4a2539c2","2023-02-28T17:12:03.152642"
"41","akwa_ibom","ADC",2265,31,31,2357418,555089,"0df2efae-5912-43aa-aaa7-54ca4a2539c2","2023-02-28T17:12:03.152642"
"42","akwa_ibom","PDP",214012,31,31,2357418,555089,"0df2efae-5912-43aa-aaa7-54ca4a2539c2","2023-02-28T17:12:03.152642"
"43","akwa_ibom","ADP",811,31,31,2357418,555089,"0df2efae-5912-43aa-aaa7-54ca4a2539c2","2023-02-28T17:12:03.152642"
"44","akwa_ibom","PRP",343,31,31,2357418,555089,"0df2efae-5912-43aa-aaa7-54ca4a2539c2","2023-02-28T17:12:03.152642"
"45","akwa_ibom","APC",160620,31,31,2357418,555089,"0df2efae-5912-43aa-aaa7-54ca4a2539c2","2023-02-28T17:12:03.152642"
"46","akwa_ibom","SDP",583,31,31,2357418,555089,"0df2efae-5912-43aa-aaa7-54ca4a2539c2","2023-02-28T17:12:03.152642"
"47","akwa_ibom","YPP",27179,31,31,2357418,555089,"0df2efae-5912-43aa-aaa7-54ca4a2539c2","2023-02-28T17:12:03.152642"
"48","akwa_ibom","APGA",783,31,31,2357418,555089,"0df2efae-5912-43aa-aaa7-54ca4a2539c2","2023-02-28T17:12:03.152642"
"49","akwa_ibom","APM",599,31,31,2357418,555089,"0df2efae-5912-43aa-aaa7-54ca4a2539c2","2023-02-28T17:12:03.152642"
"50","akwa_ibom","NNPP",7796,31,31,2357418,555089,"0df2efae-5912-43aa-aaa7-54ca4a2539c2","2023-02-28T17:12:03.152642"
"51","akwa_ibom","NRM",667,31,31,2357418,555089,"0df2efae-5912-43aa-aaa7-54ca4a2539c2","2023-02-28T17:12:03.152642"
"52","akwa_ibom","APP",325,31,31,2357418,555089,"0df2efae-5912-43aa-aaa7-54ca4a2539c2","2023-02-28T17:12:03.152642"
"53","akwa_ibom","BP",524,31,31,2357418,555089,"0df2efae-5912-43aa-aaa7-54ca4a2539c2","2023-02-28T17:12:03.152642"
"54","akwa_ibom","LP",132683,31,31,2357418,555089,"0df2efae-5912-43aa-aaa7-54ca4a2539c2","2023-02-28T17:12:03.152642"
"55","anambra","A",343,21,21,2656437,613861,"33afbbe8-d6dc-461b-954f-7dfbc9b9ec3b","2023-02-28T22:17:18.633884"
"56","anambra","AA",108,21,21,2656437,613861,"33afbbe8-d6dc-461b-954f-7dfbc9b9ec3b","2023-02-28T22:17:18.633884"
"57","anambra","AAC",112,21,21,2656437,613861,"33afbbe8-d6dc-461b-954f-7dfbc9b9ec3b","2023-02-28T22:17:18.633884"
"58","anambra","ADC",208,21,21,2656437,613861,"33afbbe8-d6dc-461b-954f-7dfbc9b9ec3b","2023-02-28T22:17:18.633884"
"59","anambra","ADP",299,21,21,2656437,613861,"33afbbe8-d6dc-461b-954f-7dfbc9b9ec3b","2023-02-28T22:17:18.633884"
"60","anambra","NNPP",1967,21,21,2656437,613861,"33afbbe8-d6dc-461b-954f-7dfbc9b9ec3b","2023-02-28T22:17:18.633884"
"61","anambra","NRM",118,21,21,2656437,613861,"33afbbe8-d6dc-461b-954f-7dfbc9b9ec3b","2023-02-28T22:17:18.633884"
"62","anambra","PDP",9036,21,21,2656437,613861,"33afbbe8-d6dc-461b-954f-7dfbc9b9ec3b","2023-02-28T22:17:18.633884"
"63","anambra","APC",5111,21,21,2656437,613861,"33afbbe8-d6dc-461b-954f-7dfbc9b9ec3b","2023-02-28T22:17:18.633884"
"64","anambra","APGA",7388,21,21,2656437,613861,"33afbbe8-d6dc-461b-954f-7dfbc9b9ec3b","2023-02-28T22:17:18.633884"
"65","anambra","APM",325,21,21,2656437,613861,"33afbbe8-d6dc-461b-954f-7dfbc9b9ec3b","2023-02-28T22:17:18.633884"
"66","anambra","APP",148,21,21,2656437,613861,"33afbbe8-d6dc-461b-954f-7dfbc9b9ec3b","2023-02-28T22:17:18.633884"
"67","anambra","BP",514,21,21,2656437,613861,"33afbbe8-d6dc-461b-954f-7dfbc9b9ec3b","2023-02-28T22:17:18.633884"
"68","anambra","LP",584621,21,21,2656437,613861,"33afbbe8-d6dc-461b-954f-7dfbc9b9ec3b","2023-02-28T22:17:18.633884"
"69","anambra","ZLP",1420,21,21,2656437,613861,"33afbbe8-d6dc-461b-954f-7dfbc9b9ec3b","2023-02-28T22:17:18.633884"
"70","anambra","PRP",62,21,21,2656437,613861,"33afbbe8-d6dc-461b-954f-7dfbc9b9ec3b","2023-02-28T22:17:18.633884"
"71","anambra","SDP",84,21,21,2656437,613861,"33afbbe8-d6dc-461b-954f-7dfbc9b9ec3b","2023-02-28T22:17:18.633884"
"72","anambra","YPP",1997,21,21,2656437,613861,"33afbbe8-d6dc-461b-954f-7dfbc9b9ec3b","2023-02-28T22:17:18.633884"
"73","bauchi","APC",316694,20,20,2749268,853516,"e30fd085-46a9-4443-8a76-41f71a197320","2023-02-28T17:45:31.956178"
"74","bauchi","APGA",906,20,20,2749268,853516,"e30fd085-46a9-4443-8a76-41f71a197320","2023-02-28T17:45:31.956178"
"75","bauchi","APM",489,20,20,2749268,853516,"e30fd085-46a9-4443-8a76-41f71a197320","2023-02-28T17:45:31.956178"
"76","bauchi","AA",399,20,20,2749268,853516,"e30fd085-46a9-4443-8a76-41f71a197320","2023-02-28T17:45:31.956178"
"77","bauchi","APP",215,20,20,2749268,853516,"e30fd085-46a9-4443-8a76-41f71a197320","2023-02-28T17:45:31.956178"
"78","bauchi","BP",224,20,20,2749268,853516,"e30fd085-46a9-4443-8a76-41f71a197320","2023-02-28T17:45:31.956178"
"79","bauchi","LP",27373,20,20,2749268,853516,"e30fd085-46a9-4443-8a76-41f71a197320","2023-02-28T17:45:31.956178"
"80","bauchi","NNPP",72103,20,20,2749268,853516,"e30fd085-46a9-4443-8a76-41f71a197320","2023-02-28T17:45:31.956178"
"81","bauchi","NRM",1062,20,20,2749268,853516,"e30fd085-46a9-4443-8a76-41f71a197320","2023-02-28T17:45:31.956178"
"82","bauchi","PDP",426607,20,20,2749268,853516,"e30fd085-46a9-4443-8a76-41f71a197320","2023-02-28T17:45:31.956178"
"83","bauchi","PRP",1824,20,20,2749268,853516,"e30fd085-46a9-4443-8a76-41f71a197320","2023-02-28T17:45:31.956178"
"84","bauchi","ZLP",896,20,20,2749268,853516,"e30fd085-46a9-4443-8a76-41f71a197320","2023-02-28T17:45:31.956178"
"85","bauchi","YPP",645,20,20,2749268,853516,"e30fd085-46a9-4443-8a76-41f71a197320","2023-02-28T17:45:31.956178"
"86","bauchi","SDP",924,20,20,2749268,853516,"e30fd085-46a9-4443-8a76-41f71a197320","2023-02-28T17:45:31.956178"
"87","bauchi","A",237,20,20,2749268,853516,"e30fd085-46a9-4443-8a76-41f71a197320","2023-02-28T17:45:31.956178"
"88","bauchi","AAC",180,20,20,2749268,853516,"e30fd085-46a9-4443-8a76-41f71a197320","2023-02-28T17:45:31.956178"
"89","bauchi","ADC",1291,20,20,2749268,853516,"e30fd085-46a9-4443-8a76-41f71a197320","2023-02-28T17:45:31.956178"
"90","bauchi","ADP",1447,20,20,2749268,853516,"e30fd085-46a9-4443-8a76-41f71a197320","2023-02-28T17:45:31.956178"
"91","bayelsa","APP",96,8,8,1056862,165325,"afbc5bc8-7d55-4c1d-8683-e8c1e49ea967","2023-02-28T18:01:04.457955"
"92","bayelsa","BP",116,8,8,1056862,165325,"afbc5bc8-7d55-4c1d-8683-e8c1e49ea967","2023-02-28T18:01:04.457955"
"93","bayelsa","LP",49975,8,8,1056862,165325,"afbc5bc8-7d55-4c1d-8683-e8c1e49ea967","2023-02-28T18:01:04.457955"
"94","bayelsa","NNPP",540,8,8,1056862,165325,"afbc5bc8-7d55-4c1d-8683-e8c1e49ea967","2023-02-28T18:01:04.457955"
"95","bayelsa","NRM",125,8,8,1056862,165325,"afbc5bc8-7d55-4c1d-8683-e8c1e49ea967","2023-02-28T18:01:04.457955"
"96","bayelsa","PDP",68818,8,8,1056862,165325,"afbc5bc8-7d55-4c1d-8683-e8c1e49ea967","2023-02-28T18:01:04.457955"
"97","bayelsa","PRP",65,8,8,1056862,165325,"afbc5bc8-7d55-4c1d-8683-e8c1e49ea967","2023-02-28T18:01:04.457955"
"98","bayelsa","SDP",689,8,8,1056862,165325,"afbc5bc8-7d55-4c1d-8683-e8c1e49ea967","2023-02-28T18:01:04.457955"
"99","bayelsa","YPP",166,8,8,1056862,165325,"afbc5bc8-7d55-4c1d-8683-e8c1e49ea967","2023-02-28T18:01:04.457955"
"100","bayelsa","ZLP",728,8,8,1056862,165325,"afbc5bc8-7d55-4c1d-8683-e8c1e49ea967","2023-02-28T18:01:04.457955"
"101","bayelsa","A",156,8,8,1056862,165325,"afbc5bc8-7d55-4c1d-8683-e8c1e49ea967","2023-02-28T18:01:04.457955"
"102","bayelsa","AA",22,8,8,1056862,165325,"afbc5bc8-7d55-4c1d-8683-e8c1e49ea967","2023-02-28T18:01:04.457955"
"103","bayelsa","AAC",56,8,8,1056862,165325,"afbc5bc8-7d55-4c1d-8683-e8c1e49ea967","2023-02-28T18:01:04.457955"
"104","bayelsa","ADP",152,8,8,1056862,165325,"afbc5bc8-7d55-4c1d-8683-e8c1e49ea967","2023-02-28T18:01:04.457955"
"105","bayelsa","APC",42572,8,8,1056862,165325,"afbc5bc8-7d55-4c1d-8683-e8c1e49ea967","2023-02-28T18:01:04.457955"
"106","bayelsa","APGA",330,8,8,1056862,165325,"afbc5bc8-7d55-4c1d-8683-e8c1e49ea967","2023-02-28T18:01:04.457955"
"107","bayelsa","APM",130,8,8,1056862,165325,"afbc5bc8-7d55-4c1d-8683-e8c1e49ea967","2023-02-28T18:01:04.457955"
"108","bayelsa","ADC",589,8,8,1056862,165325,"afbc5bc8-7d55-4c1d-8683-e8c1e49ea967","2023-02-28T18:01:04.457955"
"109","benue","ADC",2648,23,23,2777727,770075,"3ba042fe-fd2a-4bb6-ba23-c7a3a1a47294","2023-02-28T16:55:05.718318"
"110","benue","A",698,23,23,2777727,770075,"3ba042fe-fd2a-4bb6-ba23-c7a3a1a47294","2023-02-28T16:55:05.718318"
"111","benue","NRM",484,23,23,2777727,770075,"3ba042fe-fd2a-4bb6-ba23-c7a3a1a47294","2023-02-28T16:55:05.718318"
"112","benue","PDP",130081,23,23,2777727,770075,"3ba042fe-fd2a-4bb6-ba23-c7a3a1a47294","2023-02-28T16:55:05.718318"
"113","benue","ZLP",3523,23,23,2777727,770075,"3ba042fe-fd2a-4bb6-ba23-c7a3a1a47294","2023-02-28T16:55:05.718318"
"114","benue","YPP",239,23,23,2777727,770075,"3ba042fe-fd2a-4bb6-ba23-c7a3a1a47294","2023-02-28T16:55:05.718318"
"115","benue","PRP",477,23,23,2777727,770075,"3ba042fe-fd2a-4bb6-ba23-c7a3a1a47294","2023-02-28T16:55:05.718318"
"116","benue","SDP",895,23,23,2777727,770075,"3ba042fe-fd2a-4bb6-ba23-c7a3a1a47294","2023-02-28T16:55:05.718318"
"117","benue","AAC",628,23,23,2777727,770075,"3ba042fe-fd2a-4bb6-ba23-c7a3a1a47294","2023-02-28T16:55:05.718318"
"118","benue","ADP",1447,23,23,2777727,770075,"3ba042fe-fd2a-4bb6-ba23-c7a3a1a47294","2023-02-28T16:55:05.718318"
"119","benue","APC",310468,23,23,2777727,770075,"3ba042fe-fd2a-4bb6-ba23-c7a3a1a47294","2023-02-28T16:55:05.718318"
"120","benue","APGA",3605,23,23,2777727,770075,"3ba042fe-fd2a-4bb6-ba23-c7a3a1a47294","2023-02-28T16:55:05.718318"
"121","benue","BP",714,23,23,2777727,770075,"3ba042fe-fd2a-4bb6-ba23-c7a3a1a47294","2023-02-28T16:55:05.718318"
"122","benue","LP",308372,23,23,2777727,770075,"3ba042fe-fd2a-4bb6-ba23-c7a3a1a47294","2023-02-28T16:55:05.718318"
"123","benue","NNPP",4740,23,23,2777727,770075,"3ba042fe-fd2a-4bb6-ba23-c7a3a1a47294","2023-02-28T16:55:05.718318"
"124","benue","AA",337,23,23,2777727,770075,"3ba042fe-fd2a-4bb6-ba23-c7a3a1a47294","2023-02-28T16:55:05.718318"
"125","benue","APM",501,23,23,2777727,770075,"3ba042fe-fd2a-4bb6-ba23-c7a3a1a47294","2023-02-28T16:55:05.718318"
"126","benue","APP",218,23,23,2777727,770075,"3ba042fe-fd2a-4bb6-ba23-c7a3a1a47294","2023-02-28T16:55:05.718318"
"127","borno","NNPP",4626,27,27,2513281,465287,"8ae5e60a-b2b0-43a2-802f-c5f457435854","2023-03-01T00:38:30.028101"
"128","borno","NRM",770,27,27,2513281,465287,"8ae5e60a-b2b0-43a2-802f-c5f457435854","2023-03-01T00:38:30.028101"
"129","borno","PDP",190921,27,27,2513281,465287,"8ae5e60a-b2b0-43a2-802f-c5f457435854","2023-03-01T00:38:30.028101"
"130","borno","ZLP",567,27,27,2513281,465287,"8ae5e60a-b2b0-43a2-802f-c5f457435854","2023-03-01T00:38:30.028101"
"131","borno","PRP",620,27,27,2513281,465287,"8ae5e60a-b2b0-43a2-802f-c5f457435854","2023-03-01T00:38:30.028101"
"132","borno","SDP",406,27,27,2513281,465287,"8ae5e60a-b2b0-43a2-802f-c5f457435854","2023-03-01T00:38:30.028101"
"133","borno","YPP",416,27,27,2513281,465287,"8ae5e60a-b2b0-43a2-802f-c5f457435854","2023-03-01T00:38:30.028101"
"134","borno","AAC",349,27,27,2513281,465287,"8ae5e60a-b2b0-43a2-802f-c5f457435854","2023-03-01T00:38:30.028101"
"135","borno","ADC",1654,27,27,2513281,465287,"8ae5e60a-b2b0-43a2-802f-c5f457435854","2023-03-01T00:38:30.028101"
"136","borno","APC",252282,27,27,2513281,465287,"8ae5e60a-b2b0-43a2-802f-c5f457435854","2023-03-01T00:38:30.028101"
"137","borno","APGA",1211,27,27,2513281,465287,"8ae5e60a-b2b0-43a2-802f-c5f457435854","2023-03-01T00:38:30.028101"
"138","borno","APM",584,27,27,2513281,465287,"8ae5e60a-b2b0-43a2-802f-c5f457435854","2023-03-01T00:38:30.028101"
"139","borno","APP",538,27,27,2513281,465287,"8ae5e60a-b2b0-43a2-802f-c5f457435854","2023-03-01T00:38:30.028101"
"140","borno","ADP",1475,27,27,2513281,465287,"8ae5e60a-b2b0-43a2-802f-c5f457435854","2023-03-01T00:38:30.028101"
"141","borno","BP",207,27,27,2513281,465287,"8ae5e60a-b2b0-43a2-802f-c5f457435854","2023-03-01T00:38:30.028101"
"142","borno","LP",7205,27,27,2513281,465287,"8ae5e60a-b2b0-43a2-802f-c5f457435854","2023-03-01T00:38:30.028101"
"143","borno","A",541,27,27,2513281,465287,"8ae5e60a-b2b0-43a2-802f-c5f457435854","2023-03-01T00:38:30.028101"
"144","borno","AA",915,27,27,2513281,465287,"8ae5e60a-b2b0-43a2-802f-c5f457435854","2023-03-01T00:38:30.028101"
"145","cross_river","AA",221,18,18,1766466,416968,"507468a9-63f1-4950-9ce4-5ebb5d1c09c6","2023-02-28T21:46:38.073875"
"146","cross_river","A",425,18,18,1766466,416968,"507468a9-63f1-4950-9ce4-5ebb5d1c09c6","2023-02-28T21:46:38.073875"
"147","cross_river","ZLP",1533,18,18,1766466,416968,"507468a9-63f1-4950-9ce4-5ebb5d1c09c6","2023-02-28T21:46:38.073875"
"148","cross_river","AAC",406,18,18,1766466,416968,"507468a9-63f1-4950-9ce4-5ebb5d1c09c6","2023-02-28T21:46:38.073875"
"149","cross_river","ADC",2268,18,18,1766466,416968,"507468a9-63f1-4950-9ce4-5ebb5d1c09c6","2023-02-28T21:46:38.073875"
"150","cross_river","ADP",885,18,18,1766466,416968,"507468a9-63f1-4950-9ce4-5ebb5d1c09c6","2023-02-28T21:46:38.073875"
"151","cross_river","APC",130520,18,18,1766466,416968,"507468a9-63f1-4950-9ce4-5ebb5d1c09c6","2023-02-28T21:46:38.073875"
"152","cross_river","SDP",290,18,18,1766466,416968,"507468a9-63f1-4950-9ce4-5ebb5d1c09c6","2023-02-28T21:46:38.073875"
"153","cross_river","YPP",422,18,18,1766466,416968,"507468a9-63f1-4950-9ce4-5ebb5d1c09c6","2023-02-28T21:46:38.073875"
"154","cross_river","PDP",95425,18,18,1766466,416968,"507468a9-63f1-4950-9ce4-5ebb5d1c09c6","2023-02-28T21:46:38.073875"
"155","cross_river","PRP",822,18,18,1766466,416968,"507468a9-63f1-4950-9ce4-5ebb5d1c09c6","2023-02-28T21:46:38.073875"
"156","cross_river","APP",252,18,18,1766466,416968,"507468a9-63f1-4950-9ce4-5ebb5d1c09c6","2023-02-28T21:46:38.073875"
"157","cross_river","BP",414,18,18,1766466,416968,"507468a9-63f1-4950-9ce4-5ebb5d1c09c6","2023-02-28T21:46:38.073875"
"158","cross_river","APGA",618,18,18,1766466,416968,"507468a9-63f1-4950-9ce4-5ebb5d1c09c6","2023-02-28T21:46:38.073875"
"159","cross_river","APM",535,18,18,1766466,416968,"507468a9-63f1-4950-9ce4-5ebb5d1c09c6","2023-02-28T21:46:38.073875"
"160","cross_river","LP",179917,18,18,1766466,416968,"507468a9-63f1-4950-9ce4-5ebb5d1c09c6","2023-02-28T21:46:38.073875"
"161","cross_river","NNPP",1644,18,18,1766466,416968,"507468a9-63f1-4950-9ce4-5ebb5d1c09c6","2023-02-28T21:46:38.073875"
"162","cross_river","NRM",371,18,18,1766466,416968,"507468a9-63f1-4950-9ce4-5ebb5d1c09c6","2023-02-28T21:46:38.073875"
"163","delta","YPP",605,25,25,3221697,615341,"1ea01288-a14f-4ec4-a451-0f66dfee4e8d","2023-02-28T21:59:15.356009"
"164","delta","PRP",342,25,25,3221697,615341,"1ea01288-a14f-4ec4-a451-0f66dfee4e8d","2023-02-28T21:59:15.356009"
"165","delta","SDP",3071,25,25,3221697,615341,"1ea01288-a14f-4ec4-a451-0f66dfee4e8d","2023-02-28T21:59:15.356009"
"166","delta","AAC",357,25,25,3221697,615341,"1ea01288-a14f-4ec4-a451-0f66dfee4e8d","2023-02-28T21:59:15.356009"
"167","delta","APGA",3746,25,25,3221697,615341,"1ea01288-a14f-4ec4-a451-0f66dfee4e8d","2023-02-28T21:59:15.356009"
"168","delta","APC",90183,25,25,3221697,615341,"1ea01288-a14f-4ec4-a451-0f66dfee4e8d","2023-02-28T21:59:15.356009"
"169","delta","AA",229,25,25,3221697,615341,"1ea01288-a14f-4ec4-a451-0f66dfee4e8d","2023-02-28T21:59:15.356009"
"170","delta","APM",1028,25,25,3221697,615341,"1ea01288-a14f-4ec4-a451-0f66dfee4e8d","2023-02-28T21:59:15.356009"
"171","delta","ZLP",3324,25,25,3221697,615341,"1ea01288-a14f-4ec4-a451-0f66dfee4e8d","2023-02-28T21:59:15.356009"
"172","delta","A",979,25,25,3221697,615341,"1ea01288-a14f-4ec4-a451-0f66dfee4e8d","2023-02-28T21:59:15.356009"
"173","delta","ADC",1604,25,25,3221697,615341,"1ea01288-a14f-4ec4-a451-0f66dfee4e8d","2023-02-28T21:59:15.356009"
"174","delta","ADP",788,25,25,3221697,615341,"1ea01288-a14f-4ec4-a451-0f66dfee4e8d","2023-02-28T21:59:15.356009"
"175","delta","APP",493,25,25,3221697,615341,"1ea01288-a14f-4ec4-a451-0f66dfee4e8d","2023-02-28T21:59:15.356009"
"176","delta","BP",1016,25,25,3221697,615341,"1ea01288-a14f-4ec4-a451-0f66dfee4e8d","2023-02-28T21:59:15.356009"
"177","delta","NRM",988,25,25,3221697,615341,"1ea01288-a14f-4ec4-a451-0f66dfee4e8d","2023-02-28T21:59:15.356009"
"178","delta","LP",341866,25,25,3221697,615341,"1ea01288-a14f-4ec4-a451-0f66dfee4e8d","2023-02-28T21:59:15.356009"
"179","delta","NNPP",3122,25,25,3221697,615341,"1ea01288-a14f-4ec4-a451-0f66dfee4e8d","2023-02-28T21:59:15.356009"
"180","delta","PDP",161600,25,25,3221697,615341,"1ea01288-a14f-4ec4-a451-0f66dfee4e8d","2023-02-28T21:59:15.356009"
"181","ebonyi","APGA",4120,13,13,1597646,325351,"815972b5-4139-45bd-8685-0dc9add990ed","2023-02-28T22:09:09.608562"
"182","ebonyi","APC",42402,13,13,1597646,325351,"815972b5-4139-45bd-8685-0dc9add990ed","2023-02-28T22:09:09.608562"
"183","ebonyi","A",178,13,13,1597646,325351,"815972b5-4139-45bd-8685-0dc9add990ed","2023-02-28T22:09:09.608562"
"184","ebonyi","AA",248,13,13,1597646,325351,"815972b5-4139-45bd-8685-0dc9add990ed","2023-02-28T22:09:09.608562"
"185","ebonyi","AAC",264,13,13,1597646,325351,"815972b5-4139-45bd-8685-0dc9add990ed","2023-02-28T22:09:09.608562"
"186","ebonyi","ZLP",925,13,13,1597646,325351,"815972b5-4139-45bd-8685-0dc9add990ed","2023-02-28T22:09:09.608562"
"187","ebonyi","ADC",477,13,13,1597646,325351,"815972b5-4139-45bd-8685-0dc9add990ed","2023-02-28T22:09:09.608562"
"188","ebonyi","ADP",327,13,13,1597646,325351,"815972b5-4139-45bd-8685-0dc9add990ed","2023-02-28T22:09:09.608562"
"189","ebonyi","APM",367,13,13,1597646,325351,"815972b5-4139-45bd-8685-0dc9add990ed","2023-02-28T22:09:09.608562"
"190","ebonyi","APP",182,13,13,1597646,325351,"815972b5-4139-45bd-8685-0dc9add990ed","2023-02-28T22:09:09.608562"
"191","ebonyi","BP",342,13,13,1597646,325351,"815972b5-4139-45bd-8685-0dc9add990ed","2023-02-28T22:09:09.608562"
"192","ebonyi","LP",259738,13,13,1597646,325351,"815972b5-4139-45bd-8685-0dc9add990ed","2023-02-28T22:09:09.608562"
"193","ebonyi","NNPP",1661,13,13,1597646,325351,"815972b5-4139-45bd-8685-0dc9add990ed","2023-02-28T22:09:09.608562"
"194","ebonyi","NRM",187,13,13,1597646,325351,"815972b5-4139-45bd-8685-0dc9add990ed","2023-02-28T22:09:09.608562"
"195","ebonyi","PDP",13503,13,13,1597646,325351,"815972b5-4139-45bd-8685-0dc9add990ed","2023-02-28T22:09:09.608562"
"196","ebonyi","YPP",197,13,13,1597646,325351,"815972b5-4139-45bd-8685-0dc9add990ed","2023-02-28T22:09:09.608562"
"197","ebonyi","PRP",83,13,13,1597646,325351,"815972b5-4139-45bd-8685-0dc9add990ed","2023-02-28T22:09:09.608562"
"198","ebonyi","SDP",150,13,13,1597646,325351,"815972b5-4139-45bd-8685-0dc9add990ed","2023-02-28T22:09:09.608562"
"199","edo","APC",144471,18,18,2501081,581266,"ca0daa21-68d9-48bf-aeee-39f0df9c69a9","2023-02-28T17:20:02.53715"
"200","edo","APGA",960,18,18,2501081,581266,"ca0daa21-68d9-48bf-aeee-39f0df9c69a9","2023-02-28T17:20:02.53715"
"201","edo","A",739,18,18,2501081,581266,"ca0daa21-68d9-48bf-aeee-39f0df9c69a9","2023-02-28T17:20:02.53715"
"202","edo","AA",329,18,18,2501081,581266,"ca0daa21-68d9-48bf-aeee-39f0df9c69a9","2023-02-28T17:20:02.53715"
"203","edo","AAC",530,18,18,2501081,581266,"ca0daa21-68d9-48bf-aeee-39f0df9c69a9","2023-02-28T17:20:02.53715"
"204","edo","ADC",2306,18,18,2501081,581266,"ca0daa21-68d9-48bf-aeee-39f0df9c69a9","2023-02-28T17:20:02.53715"
"205","edo","ADP",1069,18,18,2501081,581266,"ca0daa21-68d9-48bf-aeee-39f0df9c69a9","2023-02-28T17:20:02.53715"
"206","edo","APP",324,18,18,2501081,581266,"ca0daa21-68d9-48bf-aeee-39f0df9c69a9","2023-02-28T17:20:02.53715"
"207","edo","BP",993,18,18,2501081,581266,"ca0daa21-68d9-48bf-aeee-39f0df9c69a9","2023-02-28T17:20:02.53715"
"208","edo","YPP",406,18,18,2501081,581266,"ca0daa21-68d9-48bf-aeee-39f0df9c69a9","2023-02-28T17:20:02.53715"
"209","edo","ZLP",4082,18,18,2501081,581266,"ca0daa21-68d9-48bf-aeee-39f0df9c69a9","2023-02-28T17:20:02.53715"
"210","edo","APM",661,18,18,2501081,581266,"ca0daa21-68d9-48bf-aeee-39f0df9c69a9","2023-02-28T17:20:02.53715"
"211","edo","PRP",216,18,18,2501081,581266,"ca0daa21-68d9-48bf-aeee-39f0df9c69a9","2023-02-28T17:20:02.53715"
"212","edo","SDP",296,18,18,2501081,581266,"ca0daa21-68d9-48bf-aeee-39f0df9c69a9","2023-02-28T17:20:02.53715"
"213","edo","LP",331163,18,18,2501081,581266,"ca0daa21-68d9-48bf-aeee-39f0df9c69a9","2023-02-28T17:20:02.53715"
"214","edo","NNPP",2743,18,18,2501081,581266,"ca0daa21-68d9-48bf-aeee-39f0df9c69a9","2023-02-28T17:20:02.53715"
"215","edo","NRM",393,18,18,2501081,581266,"ca0daa21-68d9-48bf-aeee-39f0df9c69a9","2023-02-28T17:20:02.53715"
"216","edo","PDP",89585,18,18,2501081,581266,"ca0daa21-68d9-48bf-aeee-39f0df9c69a9","2023-02-28T17:20:02.53715"
"217","ekiti","A",69,16,16,987647,308169,"95276651-7257-42a1-b8fd-0c77f87837f2","2023-03-01T01:17:09.658858"
"218","ekiti","AA",29,16,16,987647,308169,"95276651-7257-42a1-b8fd-0c77f87837f2","2023-03-01T01:17:09.658858"
"219","ekiti","AAC",108,16,16,987647,308169,"95276651-7257-42a1-b8fd-0c77f87837f2","2023-03-01T01:17:09.658858"
"220","ekiti","ADC",1337,16,16,987647,308169,"95276651-7257-42a1-b8fd-0c77f87837f2","2023-03-01T01:17:09.658858"
"221","ekiti","ADP",735,16,16,987647,308169,"95276651-7257-42a1-b8fd-0c77f87837f2","2023-03-01T01:17:09.658858"
"222","ekiti","APC",201494,16,16,987647,308169,"95276651-7257-42a1-b8fd-0c77f87837f2","2023-03-01T01:17:09.658858"
"223","ekiti","APGA",268,16,16,987647,308169,"95276651-7257-42a1-b8fd-0c77f87837f2","2023-03-01T01:17:09.658858"
"224","ekiti","NNPP",264,16,16,987647,308169,"95276651-7257-42a1-b8fd-0c77f87837f2","2023-03-01T01:17:09.658858"
"225","ekiti","NRM",131,16,16,987647,308169,"95276651-7257-42a1-b8fd-0c77f87837f2","2023-03-01T01:17:09.658858"
"226","ekiti","APM",46,16,16,987647,308169,"95276651-7257-42a1-b8fd-0c77f87837f2","2023-03-01T01:17:09.658858"
"227","ekiti","APP",91,16,16,987647,308169,"95276651-7257-42a1-b8fd-0c77f87837f2","2023-03-01T01:17:09.658858"
"228","ekiti","BP",46,16,16,987647,308169,"95276651-7257-42a1-b8fd-0c77f87837f2","2023-03-01T01:17:09.658858"
"229","ekiti","LP",11397,16,16,987647,308169,"95276651-7257-42a1-b8fd-0c77f87837f2","2023-03-01T01:17:09.658858"
"230","ekiti","PDP",89554,16,16,987647,308169,"95276651-7257-42a1-b8fd-0c77f87837f2","2023-03-01T01:17:09.658858"
"231","ekiti","PRP",48,16,16,987647,308169,"95276651-7257-42a1-b8fd-0c77f87837f2","2023-03-01T01:17:09.658858"
"232","ekiti","SDP",2011,16,16,987647,308169,"95276651-7257-42a1-b8fd-0c77f87837f2","2023-03-01T01:17:09.658858"
"233","ekiti","YPP",81,16,16,987647,308169,"95276651-7257-42a1-b8fd-0c77f87837f2","2023-03-01T01:17:09.658858"
"234","ekiti","ZLP",460,16,16,987647,308169,"95276651-7257-42a1-b8fd-0c77f87837f2","2023-03-01T01:17:09.658858"
"235","enugu","BP",504,17,16,2112793,456424,"de0feacd-fa3c-4c3e-b42c-c19af17ec33f","2023-02-27T17:29:44.61152"
"236","enugu","ADC",282,17,16,2112793,456424,"de0feacd-fa3c-4c3e-b42c-c19af17ec33f","2023-02-27T17:29:44.61152"
"237","enugu","ADP",200,17,16,2112793,456424,"de0feacd-fa3c-4c3e-b42c-c19af17ec33f","2023-02-27T17:29:44.61152"
"238","enugu","APC",4772,17,16,2112793,456424,"de0feacd-fa3c-4c3e-b42c-c19af17ec33f","2023-02-27T17:29:44.61152"
"239","enugu","APGA",1548,17,16,2112793,456424,"de0feacd-fa3c-4c3e-b42c-c19af17ec33f","2023-02-27T17:29:44.61152"
"240","enugu","APM",351,17,16,2112793,456424,"de0feacd-fa3c-4c3e-b42c-c19af17ec33f","2023-02-27T17:29:44.61152"
"241","enugu","APP",209,17,16,2112793,456424,"de0feacd-fa3c-4c3e-b42c-c19af17ec33f","2023-02-27T17:29:44.61152"
"242","enugu","PRP",95,17,16,2112793,456424,"de0feacd-fa3c-4c3e-b42c-c19af17ec33f","2023-02-27T17:29:44.61152"
"243","enugu","A",165,17,16,2112793,456424,"de0feacd-fa3c-4c3e-b42c-c19af17ec33f","2023-02-27T17:29:44.61152"
"244","enugu","AA",77,17,16,2112793,456424,"de0feacd-fa3c-4c3e-b42c-c19af17ec33f","2023-02-27T17:29:44.61152"
"245","enugu","AAC",128,17,16,2112793,456424,"de0feacd-fa3c-4c3e-b42c-c19af17ec33f","2023-02-27T17:29:44.61152"
"246","enugu","LP",428640,17,16,2112793,456424,"de0feacd-fa3c-4c3e-b42c-c19af17ec33f","2023-02-27T17:29:44.61152"
"247","enugu","NNPP",1808,17,16,2112793,456424,"de0feacd-fa3c-4c3e-b42c-c19af17ec33f","2023-02-27T17:29:44.61152"
"248","enugu","NRM",414,17,16,2112793,456424,"de0feacd-fa3c-4c3e-b42c-c19af17ec33f","2023-02-27T17:29:44.61152"
"249","enugu","PDP",15749,17,16,2112793,456424,"de0feacd-fa3c-4c3e-b42c-c19af17ec33f","2023-02-27T17:29:44.61152"
"250","enugu","SDP",103,17,16,2112793,456424,"de0feacd-fa3c-4c3e-b42c-c19af17ec33f","2023-02-27T17:29:44.61152"
"251","enugu","YPP",290,17,16,2112793,456424,"de0feacd-fa3c-4c3e-b42c-c19af17ec33f","2023-02-27T17:29:44.61152"
"252","enugu","ZLP",1089,17,16,2112793,456424,"de0feacd-fa3c-4c3e-b42c-c19af17ec33f","2023-02-27T17:29:44.61152"
"253","abuja","PRP",131,6,6,1570307,460071,"d6c293b5-00d2-440d-8a4b-0fbec4ee5e3f","2023-02-28T17:03:47.833049"
"254","abuja","SDP",233,6,6,1570307,460071,"d6c293b5-00d2-440d-8a4b-0fbec4ee5e3f","2023-02-28T17:03:47.833049"
"255","abuja","YPP",335,6,6,1570307,460071,"d6c293b5-00d2-440d-8a4b-0fbec4ee5e3f","2023-02-28T17:03:47.833049"
"256","abuja","ZLP",2631,6,6,1570307,460071,"d6c293b5-00d2-440d-8a4b-0fbec4ee5e3f","2023-02-28T17:03:47.833049"
"257","abuja","BP",748,6,6,1570307,460071,"d6c293b5-00d2-440d-8a4b-0fbec4ee5e3f","2023-02-28T17:03:47.833049"
"258","abuja","LP",281717,6,6,1570307,460071,"d6c293b5-00d2-440d-8a4b-0fbec4ee5e3f","2023-02-28T17:03:47.833049"
"259","abuja","NNPP",4517,6,6,1570307,460071,"d6c293b5-00d2-440d-8a4b-0fbec4ee5e3f","2023-02-28T17:03:47.833049"
"260","abuja","NRM",294,6,6,1570307,460071,"d6c293b5-00d2-440d-8a4b-0fbec4ee5e3f","2023-02-28T17:03:47.833049"
"261","abuja","PDP",74194,6,6,1570307,460071,"d6c293b5-00d2-440d-8a4b-0fbec4ee5e3f","2023-02-28T17:03:47.833049"
"262","abuja","APP",146,6,6,1570307,460071,"d6c293b5-00d2-440d-8a4b-0fbec4ee5e3f","2023-02-28T17:03:47.833049"
"263","abuja","A",490,6,6,1570307,460071,"d6c293b5-00d2-440d-8a4b-0fbec4ee5e3f","2023-02-28T17:03:47.833049"
"264","abuja","AA",506,6,6,1570307,460071,"d6c293b5-00d2-440d-8a4b-0fbec4ee5e3f","2023-02-28T17:03:47.833049"
"265","abuja","AAC",215,6,6,1570307,460071,"d6c293b5-00d2-440d-8a4b-0fbec4ee5e3f","2023-02-28T17:03:47.833049"
"266","abuja","ADC",768,6,6,1570307,460071,"d6c293b5-00d2-440d-8a4b-0fbec4ee5e3f","2023-02-28T17:03:47.833049"
"267","abuja","ADP",585,6,6,1570307,460071,"d6c293b5-00d2-440d-8a4b-0fbec4ee5e3f","2023-02-28T17:03:47.833049"
"268","abuja","APC",90902,6,6,1570307,460071,"d6c293b5-00d2-440d-8a4b-0fbec4ee5e3f","2023-02-28T17:03:47.833049"
"269","abuja","APGA",1362,6,6,1570307,460071,"d6c293b5-00d2-440d-8a4b-0fbec4ee5e3f","2023-02-28T17:03:47.833049"
"270","abuja","APM",297,6,6,1570307,460071,"d6c293b5-00d2-440d-8a4b-0fbec4ee5e3f","2023-02-28T17:03:47.833049"
"271","gombe","APGA",558,11,11,1575794,510043,"e9d5cd04-c9c3-4bf2-81fe-9a91a2daabe6","2023-02-28T13:31:31.817893"
"272","gombe","APM",348,11,11,1575794,510043,"e9d5cd04-c9c3-4bf2-81fe-9a91a2daabe6","2023-02-28T13:31:31.817893"
"273","gombe","APP",208,11,11,1575794,510043,"e9d5cd04-c9c3-4bf2-81fe-9a91a2daabe6","2023-02-28T13:31:31.817893"
"274","gombe","BP",210,11,11,1575794,510043,"e9d5cd04-c9c3-4bf2-81fe-9a91a2daabe6","2023-02-28T13:31:31.817893"
"275","gombe","LP",26160,11,11,1575794,510043,"e9d5cd04-c9c3-4bf2-81fe-9a91a2daabe6","2023-02-28T13:31:31.817893"
"276","gombe","NNPP",10520,11,11,1575794,510043,"e9d5cd04-c9c3-4bf2-81fe-9a91a2daabe6","2023-02-28T13:31:31.817893"
"277","gombe","ZLP",969,11,11,1575794,510043,"e9d5cd04-c9c3-4bf2-81fe-9a91a2daabe6","2023-02-28T13:31:31.817893"
"278","gombe","A",284,11,11,1575794,510043,"e9d5cd04-c9c3-4bf2-81fe-9a91a2daabe6","2023-02-28T13:31:31.817893"
"279","gombe","AA",296,11,11,1575794,510043,"e9d5cd04-c9c3-4bf2-81fe-9a91a2daabe6","2023-02-28T13:31:31.817893"
"280","gombe","AAC",158,11,11,1575794,510043,"e9d5cd04-c9c3-4bf2-81fe-9a91a2daabe6","2023-02-28T13:31:31.817893"
"281","gombe","ADC",1446,11,11,1575794,510043,"e9d5cd04-c9c3-4bf2-81fe-9a91a2daabe6","2023-02-28T13:31:31.817893"
"282","gombe","ADP",765,11,11,1575794,510043,"e9d5cd04-c9c3-4bf2-81fe-9a91a2daabe6","2023-02-28T13:31:31.817893"
"283","gombe","APC",146977,11,11,1575794,510043,"e9d5cd04-c9c3-4bf2-81fe-9a91a2daabe6","2023-02-28T13:31:31.817893"
"284","gombe","NRM",1061,11,11,1575794,510043,"e9d5cd04-c9c3-4bf2-81fe-9a91a2daabe6","2023-02-28T13:31:31.817893"
"285","gombe","PDP",319123,11,11,1575794,510043,"e9d5cd04-c9c3-4bf2-81fe-9a91a2daabe6","2023-02-28T13:31:31.817893"
"286","gombe","PRP",384,11,11,1575794,510043,"e9d5cd04-c9c3-4bf2-81fe-9a91a2daabe6","2023-02-28T13:31:31.817893"
"287","gombe","SDP",137,11,11,1575794,510043,"e9d5cd04-c9c3-4bf2-81fe-9a91a2daabe6","2023-02-28T13:31:31.817893"
"288","gombe","YPP",439,11,11,1575794,510043,"e9d5cd04-c9c3-4bf2-81fe-9a91a2daabe6","2023-02-28T13:31:31.817893"
"289","imo","ADC",770,27,27,2419922,467380,"fb1e7189-4fdb-46fb-9671-50b98fb84751","2023-03-01T01:09:29.887543"
"290","imo","ADP",267,27,27,2419922,467380,"fb1e7189-4fdb-46fb-9671-50b98fb84751","2023-03-01T01:09:29.887543"
"291","imo","APC",66406,27,27,2419922,467380,"fb1e7189-4fdb-46fb-9671-50b98fb84751","2023-03-01T01:09:29.887543"
"292","imo","APGA",2562,27,27,2419922,467380,"fb1e7189-4fdb-46fb-9671-50b98fb84751","2023-03-01T01:09:29.887543"
"293","imo","APM",405,27,27,2419922,467380,"fb1e7189-4fdb-46fb-9671-50b98fb84751","2023-03-01T01:09:29.887543"
"294","imo","APP",197,27,27,2419922,467380,"fb1e7189-4fdb-46fb-9671-50b98fb84751","2023-03-01T01:09:29.887543"
"295","imo","BP",619,27,27,2419922,467380,"fb1e7189-4fdb-46fb-9671-50b98fb84751","2023-03-01T01:09:29.887543"
"296","imo","AA",289,27,27,2419922,467380,"fb1e7189-4fdb-46fb-9671-50b98fb84751","2023-03-01T01:09:29.887543"
"297","imo","AAC",227,27,27,2419922,467380,"fb1e7189-4fdb-46fb-9671-50b98fb84751","2023-03-01T01:09:29.887543"
"298","imo","A",611,27,27,2419922,467380,"fb1e7189-4fdb-46fb-9671-50b98fb84751","2023-03-01T01:09:29.887543"
"299","imo","LP",360495,27,27,2419922,467380,"fb1e7189-4fdb-46fb-9671-50b98fb84751","2023-03-01T01:09:29.887543"
"300","imo","PDP",30234,27,27,2419922,467380,"fb1e7189-4fdb-46fb-9671-50b98fb84751","2023-03-01T01:09:29.887543"
"301","imo","PRP",144,27,27,2419922,467380,"fb1e7189-4fdb-46fb-9671-50b98fb84751","2023-03-01T01:09:29.887543"
"302","imo","NNPP",1552,27,27,2419922,467380,"fb1e7189-4fdb-46fb-9671-50b98fb84751","2023-03-01T01:09:29.887543"
"303","imo","NRM",167,27,27,2419922,467380,"fb1e7189-4fdb-46fb-9671-50b98fb84751","2023-03-01T01:09:29.887543"
"304","imo","SDP",363,27,27,2419922,467380,"fb1e7189-4fdb-46fb-9671-50b98fb84751","2023-03-01T01:09:29.887543"
"305","imo","YPP",325,27,27,2419922,467380,"fb1e7189-4fdb-46fb-9671-50b98fb84751","2023-03-01T01:09:29.887543"
"306","imo","ZLP",1747,27,27,2419922,467380,"fb1e7189-4fdb-46fb-9671-50b98fb84751","2023-03-01T01:09:29.887543"
"307","jigawa","AA",249,27,27,2351298,919252,"1e9c6c01-1ce5-48cf-8e5c-926938ec390d","2023-02-27T21:09:28.913821"
"308","jigawa","AAC",483,27,27,2351298,919252,"1e9c6c01-1ce5-48cf-8e5c-926938ec390d","2023-02-27T21:09:28.913821"
"309","jigawa","ADC",1139,27,27,2351298,919252,"1e9c6c01-1ce5-48cf-8e5c-926938ec390d","2023-02-27T21:09:28.913821"
"310","jigawa","ADP",288,27,27,2351298,919252,"1e9c6c01-1ce5-48cf-8e5c-926938ec390d","2023-02-27T21:09:28.913821"
"311","jigawa","APC",421390,27,27,2351298,919252,"1e9c6c01-1ce5-48cf-8e5c-926938ec390d","2023-02-27T21:09:28.913821"
"312","jigawa","APGA",1040,27,27,2351298,919252,"1e9c6c01-1ce5-48cf-8e5c-926938ec390d","2023-02-27T21:09:28.913821"
"313","jigawa","APM",814,27,27,2351298,919252,"1e9c6c01-1ce5-48cf-8e5c-926938ec390d","2023-02-27T21:09:28.913821"
"314","jigawa","APP",288,27,27,2351298,919252,"1e9c6c01-1ce5-48cf-8e5c-926938ec390d","2023-02-27T21:09:28.913821"
"315","jigawa","BP",217,27,27,2351298,919252,"1e9c6c01-1ce5-48cf-8e5c-926938ec390d","2023-02-27T21:09:28.913821"
"316","jigawa","LP",1889,27,27,2351298,919252,"1e9c6c01-1ce5-48cf-8e5c-926938ec390d","2023-02-27T21:09:28.913821"
"317","jigawa","A",450,27,27,2351298,919252,"1e9c6c01-1ce5-48cf-8e5c-926938ec390d","2023-02-27T21:09:28.913821"
"318","jigawa","ZLP",1211,27,27,2351298,919252,"1e9c6c01-1ce5-48cf-8e5c-926938ec390d","2023-02-27T21:09:28.913821"
"319","jigawa","NNPP",98234,27,27,2351298,919252,"1e9c6c01-1ce5-48cf-8e5c-926938ec390d","2023-02-27T21:09:28.913821"
"320","jigawa","NRM",1200,27,27,2351298,919252,"1e9c6c01-1ce5-48cf-8e5c-926938ec390d","2023-02-27T21:09:28.913821"
"321","jigawa","PDP",386587,27,27,2351298,919252,"1e9c6c01-1ce5-48cf-8e5c-926938ec390d","2023-02-27T21:09:28.913821"
"322","jigawa","PRP",468,27,27,2351298,919252,"1e9c6c01-1ce5-48cf-8e5c-926938ec390d","2023-02-27T21:09:28.913821"
"323","jigawa","SDP",532,27,27,2351298,919252,"1e9c6c01-1ce5-48cf-8e5c-926938ec390d","2023-02-27T21:09:28.913821"
"324","jigawa","YPP",2773,27,27,2351298,919252,"1e9c6c01-1ce5-48cf-8e5c-926938ec390d","2023-02-27T21:09:28.913821"
"325","kaduna","APP",454,23,23,4335208,1360153,"8524a5b1-f7f3-45b2-bfc8-601cea2d354d","2023-02-28T18:09:38.259895"
"326","kaduna","BP",776,23,23,4335208,1360153,"8524a5b1-f7f3-45b2-bfc8-601cea2d354d","2023-02-28T18:09:38.259895"
"327","kaduna","LP",294494,23,23,4335208,1360153,"8524a5b1-f7f3-45b2-bfc8-601cea2d354d","2023-02-28T18:09:38.259895"
"328","kaduna","NNPP",92969,23,23,4335208,1360153,"8524a5b1-f7f3-45b2-bfc8-601cea2d354d","2023-02-28T18:09:38.259895"
"329","kaduna","NRM",1540,23,23,4335208,1360153,"8524a5b1-f7f3-45b2-bfc8-601cea2d354d","2023-02-28T18:09:38.259895"
"330","kaduna","SDP",414,23,23,4335208,1360153,"8524a5b1-f7f3-45b2-bfc8-601cea2d354d","2023-02-28T18:09:38.259895"
"331","kaduna","YPP",1633,23,23,4335208,1360153,"8524a5b1-f7f3-45b2-bfc8-601cea2d354d","2023-02-28T18:09:38.259895"
"332","kaduna","ZLP",2351,23,23,4335208,1360153,"8524a5b1-f7f3-45b2-bfc8-601cea2d354d","2023-02-28T18:09:38.259895"
"333","kaduna","A",505,23,23,4335208,1360153,"8524a5b1-f7f3-45b2-bfc8-601cea2d354d","2023-02-28T18:09:38.259895"
"334","kaduna","ADP",2072,23,23,4335208,1360153,"8524a5b1-f7f3-45b2-bfc8-601cea2d354d","2023-02-28T18:09:38.259895"
"335","kaduna","AA",1357,23,23,4335208,1360153,"8524a5b1-f7f3-45b2-bfc8-601cea2d354d","2023-02-28T18:09:38.259895"
"336","kaduna","AAC",480,23,23,4335208,1360153,"8524a5b1-f7f3-45b2-bfc8-601cea2d354d","2023-02-28T18:09:38.259895"
"337","kaduna","APC",399293,23,23,4335208,1360153,"8524a5b1-f7f3-45b2-bfc8-601cea2d354d","2023-02-28T18:09:38.259895"
"338","kaduna","APGA",1599,23,23,4335208,1360153,"8524a5b1-f7f3-45b2-bfc8-601cea2d354d","2023-02-28T18:09:38.259895"
"339","kaduna","APM",1072,23,23,4335208,1360153,"8524a5b1-f7f3-45b2-bfc8-601cea2d354d","2023-02-28T18:09:38.259895"
"340","kaduna","ADC",2815,23,23,4335208,1360153,"8524a5b1-f7f3-45b2-bfc8-601cea2d354d","2023-02-28T18:09:38.259895"
"341","kaduna","PDP",554360,23,23,4335208,1360153,"8524a5b1-f7f3-45b2-bfc8-601cea2d354d","2023-02-28T18:09:38.259895"
"342","kaduna","PRP",1969,23,23,4335208,1360153,"8524a5b1-f7f3-45b2-bfc8-601cea2d354d","2023-02-28T18:09:38.259895"
"343","kano","NRM",1540,44,44,5921370,1691564,"e88ff176-b63a-4c99-908d-03db5bbda9cd","2023-03-01T04:09:54.27104"
"344","kano","A",347,44,44,5921370,1691564,"e88ff176-b63a-4c99-908d-03db5bbda9cd","2023-03-01T04:09:54.27104"
"345","kano","NNPP",997279,44,44,5921370,1691564,"e88ff176-b63a-4c99-908d-03db5bbda9cd","2023-03-01T04:09:54.27104"
"346","kano","ADC",2845,44,44,5921370,1691564,"e88ff176-b63a-4c99-908d-03db5bbda9cd","2023-03-01T04:09:54.27104"
"347","kano","ADP",2602,44,44,5921370,1691564,"e88ff176-b63a-4c99-908d-03db5bbda9cd","2023-03-01T04:09:54.27104"
"348","kano","APC",506412,44,44,5921370,1691564,"e88ff176-b63a-4c99-908d-03db5bbda9cd","2023-03-01T04:09:54.27104"
"349","kano","AA",729,44,44,5921370,1691564,"e88ff176-b63a-4c99-908d-03db5bbda9cd","2023-03-01T04:09:54.27104"
"350","kano","AAC",551,44,44,5921370,1691564,"e88ff176-b63a-4c99-908d-03db5bbda9cd","2023-03-01T04:09:54.27104"
"351","kano","APGA",1253,44,44,5921370,1691564,"e88ff176-b63a-4c99-908d-03db5bbda9cd","2023-03-01T04:09:54.27104"
"352","kano","YPP",9429,44,44,5921370,1691564,"e88ff176-b63a-4c99-908d-03db5bbda9cd","2023-03-01T04:09:54.27104"
"353","kano","APP",533,44,44,5921370,1691564,"e88ff176-b63a-4c99-908d-03db5bbda9cd","2023-03-01T04:09:54.27104"
"354","kano","PDP",131716,44,44,5921370,1691564,"e88ff176-b63a-4c99-908d-03db5bbda9cd","2023-03-01T04:09:54.27104"
"355","kano","APM",3170,44,44,5921370,1691564,"e88ff176-b63a-4c99-908d-03db5bbda9cd","2023-03-01T04:09:54.27104"
"356","kano","BP",364,44,44,5921370,1691564,"e88ff176-b63a-4c99-908d-03db5bbda9cd","2023-03-01T04:09:54.27104"
"357","kano","PRP",1987,44,44,5921370,1691564,"e88ff176-b63a-4c99-908d-03db5bbda9cd","2023-03-01T04:09:54.27104"
"358","kano","ZLP",1790,44,44,5921370,1691564,"e88ff176-b63a-4c99-908d-03db5bbda9cd","2023-03-01T04:09:54.27104"
"359","kano","LP",28513,44,44,5921370,1691564,"e88ff176-b63a-4c99-908d-03db5bbda9cd","2023-03-01T04:09:54.27104"
"360","kano","SDP",504,44,44,5921370,1691564,"e88ff176-b63a-4c99-908d-03db5bbda9cd","2023-03-01T04:09:54.27104"
"361","katsina","AAC",234,34,34,3516719,1058673,"35b4343a-d6a4-4bd1-b323-397251075c1c","2023-02-27T22:00:57.357926"
"362","katsina","AA",523,34,34,3516719,1058673,"35b4343a-d6a4-4bd1-b323-397251075c1c","2023-02-27T22:00:57.357926"
"363","katsina","ADC",1405,34,34,3516719,1058673,"35b4343a-d6a4-4bd1-b323-397251075c1c","2023-02-27T22:00:57.357926"
"364","katsina","A",255,34,34,3516719,1058673,"35b4343a-d6a4-4bd1-b323-397251075c1c","2023-02-27T22:00:57.357926"
"365","katsina","ZLP",371,34,34,3516719,1058673,"35b4343a-d6a4-4bd1-b323-397251075c1c","2023-02-27T22:00:57.357926"
"366","katsina","ADP",1798,34,34,3516719,1058673,"35b4343a-d6a4-4bd1-b323-397251075c1c","2023-02-27T22:00:57.357926"
"367","katsina","APC",482283,34,34,3516719,1058673,"35b4343a-d6a4-4bd1-b323-397251075c1c","2023-02-27T22:00:57.357926"
"368","katsina","APP",269,34,34,3516719,1058673,"35b4343a-d6a4-4bd1-b323-397251075c1c","2023-02-27T22:00:57.357926"
"369","katsina","BP",327,34,34,3516719,1058673,"35b4343a-d6a4-4bd1-b323-397251075c1c","2023-02-27T22:00:57.357926"
"370","katsina","LP",6376,34,34,3516719,1058673,"35b4343a-d6a4-4bd1-b323-397251075c1c","2023-02-27T22:00:57.357926"
"371","katsina","NNPP",69386,34,34,3516719,1058673,"35b4343a-d6a4-4bd1-b323-397251075c1c","2023-02-27T22:00:57.357926"
"372","katsina","NRM",1053,34,34,3516719,1058673,"35b4343a-d6a4-4bd1-b323-397251075c1c","2023-02-27T22:00:57.357926"
"373","katsina","PDP",489045,34,34,3516719,1058673,"35b4343a-d6a4-4bd1-b323-397251075c1c","2023-02-27T22:00:57.357926"
"374","katsina","APGA",1391,34,34,3516719,1058673,"35b4343a-d6a4-4bd1-b323-397251075c1c","2023-02-27T22:00:57.357926"
"375","katsina","APM",603,34,34,3516719,1058673,"35b4343a-d6a4-4bd1-b323-397251075c1c","2023-02-27T22:00:57.357926"
"376","katsina","PRP",1986,34,34,3516719,1058673,"35b4343a-d6a4-4bd1-b323-397251075c1c","2023-02-27T22:00:57.357926"
"377","katsina","SDP",339,34,34,3516719,1058673,"35b4343a-d6a4-4bd1-b323-397251075c1c","2023-02-27T22:00:57.357926"
"378","katsina","YPP",1029,34,34,3516719,1058673,"35b4343a-d6a4-4bd1-b323-397251075c1c","2023-02-27T22:00:57.357926"
"379","kebbi","A",301,21,21,2032041,559522,"d68174ed-231f-40bb-8ef4-7ed2802de72d","2023-02-28T18:22:51.067906"
"380","kebbi","AA",306,21,21,2032041,559522,"d68174ed-231f-40bb-8ef4-7ed2802de72d","2023-02-28T18:22:51.067906"
"381","kebbi","AAC",243,21,21,2032041,559522,"d68174ed-231f-40bb-8ef4-7ed2802de72d","2023-02-28T18:22:51.067906"
"382","kebbi","ADC",837,21,21,2032041,559522,"d68174ed-231f-40bb-8ef4-7ed2802de72d","2023-02-28T18:22:51.067906"
"383","kebbi","ADP",1251,21,21,2032041,559522,"d68174ed-231f-40bb-8ef4-7ed2802de72d","2023-02-28T18:22:51.067906"
"384","kebbi","APC",248088,21,21,2032041,559522,"d68174ed-231f-40bb-8ef4-7ed2802de72d","2023-02-28T18:22:51.067906"
"385","kebbi","YPP",392,21,21,2032041,559522,"d68174ed-231f-40bb-8ef4-7ed2802de72d","2023-02-28T18:22:51.067906"
"386","kebbi","PRP",2027,21,21,2032041,559522,"d68174ed-231f-40bb-8ef4-7ed2802de72d","2023-02-28T18:22:51.067906"
"387","kebbi","SDP",1126,21,21,2032041,559522,"d68174ed-231f-40bb-8ef4-7ed2802de72d","2023-02-28T18:22:51.067906"
"388","kebbi","ZLP",460,21,21,2032041,559522,"d68174ed-231f-40bb-8ef4-7ed2802de72d","2023-02-28T18:22:51.067906"
"389","kebbi","APGA",1014,21,21,2032041,559522,"d68174ed-231f-40bb-8ef4-7ed2802de72d","2023-02-28T18:22:51.067906"
"390","kebbi","APM",567,21,21,2032041,559522,"d68174ed-231f-40bb-8ef4-7ed2802de72d","2023-02-28T18:22:51.067906"
"391","kebbi","APP",338,21,21,2032041,559522,"d68174ed-231f-40bb-8ef4-7ed2802de72d","2023-02-28T18:22:51.067906"
"392","kebbi","BP",272,21,21,2032041,559522,"d68174ed-231f-40bb-8ef4-7ed2802de72d","2023-02-28T18:22:51.067906"
"393","kebbi","LP",10682,21,21,2032041,559522,"d68174ed-231f-40bb-8ef4-7ed2802de72d","2023-02-28T18:22:51.067906"
"394","kebbi","NNPP",5038,21,21,2032041,559522,"d68174ed-231f-40bb-8ef4-7ed2802de72d","2023-02-28T18:22:51.067906"
"395","kebbi","NRM",1405,21,21,2032041,559522,"d68174ed-231f-40bb-8ef4-7ed2802de72d","2023-02-28T18:22:51.067906"
"396","kebbi","PDP",285175,21,21,2032041,559522,"d68174ed-231f-40bb-8ef4-7ed2802de72d","2023-02-28T18:22:51.067906"
"397","kogi","YPP",202,21,21,1932654,456790,"639e047e-fa0d-43d9-b439-c92e1d45c4bf","2023-02-28T17:37:42.773237"
"398","kogi","ZLP",1155,21,21,1932654,456790,"639e047e-fa0d-43d9-b439-c92e1d45c4bf","2023-02-28T17:37:42.773237"
"399","kogi","A",343,21,21,1932654,456790,"639e047e-fa0d-43d9-b439-c92e1d45c4bf","2023-02-28T17:37:42.773237"
"400","kogi","AA",140,21,21,1932654,456790,"639e047e-fa0d-43d9-b439-c92e1d45c4bf","2023-02-28T17:37:42.773237"
"401","kogi","AAC",243,21,21,1932654,456790,"639e047e-fa0d-43d9-b439-c92e1d45c4bf","2023-02-28T17:37:42.773237"
"402","kogi","ADC",4669,21,21,1932654,456790,"639e047e-fa0d-43d9-b439-c92e1d45c4bf","2023-02-28T17:37:42.773237"
"403","kogi","ADP",904,21,21,1932654,456790,"639e047e-fa0d-43d9-b439-c92e1d45c4bf","2023-02-28T17:37:42.773237"
"404","kogi","LP",56217,21,21,1932654,456790,"639e047e-fa0d-43d9-b439-c92e1d45c4bf","2023-02-28T17:37:42.773237"
"405","kogi","NNPP",4238,21,21,1932654,456790,"639e047e-fa0d-43d9-b439-c92e1d45c4bf","2023-02-28T17:37:42.773237"
"406","kogi","NRM",391,21,21,1932654,456790,"639e047e-fa0d-43d9-b439-c92e1d45c4bf","2023-02-28T17:37:42.773237"
"407","kogi","PDP",145104,21,21,1932654,456790,"639e047e-fa0d-43d9-b439-c92e1d45c4bf","2023-02-28T17:37:42.773237"
"408","kogi","APP",145,21,21,1932654,456790,"639e047e-fa0d-43d9-b439-c92e1d45c4bf","2023-02-28T17:37:42.773237"
"409","kogi","BP",174,21,21,1932654,456790,"639e047e-fa0d-43d9-b439-c92e1d45c4bf","2023-02-28T17:37:42.773237"
"410","kogi","PRP",711,21,21,1932654,456790,"639e047e-fa0d-43d9-b439-c92e1d45c4bf","2023-02-28T17:37:42.773237"
"411","kogi","SDP",394,21,21,1932654,456790,"639e047e-fa0d-43d9-b439-c92e1d45c4bf","2023-02-28T17:37:42.773237"
"412","kogi","APC",240751,21,21,1932654,456790,"639e047e-fa0d-43d9-b439-c92e1d45c4bf","2023-02-28T17:37:42.773237"
"413","kogi","APGA",706,21,21,1932654,456790,"639e047e-fa0d-43d9-b439-c92e1d45c4bf","2023-02-28T17:37:42.773237"
"414","kogi","APM",303,21,21,1932654,456790,"639e047e-fa0d-43d9-b439-c92e1d45c4bf","2023-02-28T17:37:42.773237"
"415","kwara","BP",188,16,16,1695927,469235,"24ce6a79-c5f3-4d47-8e6d-7d78ed9c82d1","2023-02-27T12:45:45.80468"
"416","kwara","LP",31166,16,16,1695927,469235,"24ce6a79-c5f3-4d47-8e6d-7d78ed9c82d1","2023-02-27T12:45:45.80468"
"417","kwara","PRP",355,16,16,1695927,469235,"24ce6a79-c5f3-4d47-8e6d-7d78ed9c82d1","2023-02-27T12:45:45.80468"
"418","kwara","A",1335,16,16,1695927,469235,"24ce6a79-c5f3-4d47-8e6d-7d78ed9c82d1","2023-02-27T12:45:45.80468"
"419","kwara","ADP",1128,16,16,1695927,469235,"24ce6a79-c5f3-4d47-8e6d-7d78ed9c82d1","2023-02-27T12:45:45.80468"
"420","kwara","ADC",3007,16,16,1695927,469235,"24ce6a79-c5f3-4d47-8e6d-7d78ed9c82d1","2023-02-27T12:45:45.80468"
"421","kwara","APGA",722,16,16,1695927,469235,"24ce6a79-c5f3-4d47-8e6d-7d78ed9c82d1","2023-02-27T12:45:45.80468"
"422","kwara","NNPP",3141,16,16,1695927,469235,"24ce6a79-c5f3-4d47-8e6d-7d78ed9c82d1","2023-02-27T12:45:45.80468"
"423","kwara","NRM",466,16,16,1695927,469235,"24ce6a79-c5f3-4d47-8e6d-7d78ed9c82d1","2023-02-27T12:45:45.80468"
"424","kwara","SDP",22738,16,16,1695927,469235,"24ce6a79-c5f3-4d47-8e6d-7d78ed9c82d1","2023-02-27T12:45:45.80468"
"425","kwara","YPP",2114,16,16,1695927,469235,"24ce6a79-c5f3-4d47-8e6d-7d78ed9c82d1","2023-02-27T12:45:45.80468"
"426","kwara","APM",368,16,16,1695927,469235,"24ce6a79-c5f3-4d47-8e6d-7d78ed9c82d1","2023-02-27T12:45:45.80468"
"427","kwara","ZLP",1170,16,16,1695927,469235,"24ce6a79-c5f3-4d47-8e6d-7d78ed9c82d1","2023-02-27T12:45:45.80468"
"428","kwara","PDP",136909,16,16,1695927,469235,"24ce6a79-c5f3-4d47-8e6d-7d78ed9c82d1","2023-02-27T12:45:45.80468"
"429","kwara","APC",263572,16,16,1695927,469235,"24ce6a79-c5f3-4d47-8e6d-7d78ed9c82d1","2023-02-27T12:45:45.80468"
"430","kwara","AA",145,16,16,1695927,469235,"24ce6a79-c5f3-4d47-8e6d-7d78ed9c82d1","2023-02-27T12:45:45.80468"
"431","kwara","AAC",257,16,16,1695927,469235,"24ce6a79-c5f3-4d47-8e6d-7d78ed9c82d1","2023-02-27T12:45:45.80468"
"432","kwara","APP",454,16,16,1695927,469235,"24ce6a79-c5f3-4d47-8e6d-7d78ed9c82d1","2023-02-27T12:45:45.80468"
"433","lagos","A",3069,20,20,7060195,1271449,"3ebb1c9f-ebdd-499c-8960-02b12d8bc965","2023-02-27T18:05:33.370279"
"434","lagos","AA",498,20,20,7060195,1271449,"3ebb1c9f-ebdd-499c-8960-02b12d8bc965","2023-02-27T18:05:33.370279"
"435","lagos","AAC",1597,20,20,7060195,1271449,"3ebb1c9f-ebdd-499c-8960-02b12d8bc965","2023-02-27T18:05:33.370279"
"436","lagos","ADP",2439,20,20,7060195,1271449,"3ebb1c9f-ebdd-499c-8960-02b12d8bc965","2023-02-27T18:05:33.370279"
"437","lagos","APC",572606,20,20,7060195,1271449,"3ebb1c9f-ebdd-499c-8960-02b12d8bc965","2023-02-27T18:05:33.370279"
"438","lagos","NNPP",8442,20,20,7060195,1271449,"3ebb1c9f-ebdd-499c-8960-02b12d8bc965","2023-02-27T18:05:33.370279"
"439","lagos","SDP",770,20,20,7060195,1271449,"3ebb1c9f-ebdd-499c-8960-02b12d8bc965","2023-02-27T18:05:33.370279"
"440","lagos","YPP",1109,20,20,7060195,1271449,"3ebb1c9f-ebdd-499c-8960-02b12d8bc965","2023-02-27T18:05:33.370279"
"441","lagos","ZLP",9964,20,20,7060195,1271449,"3ebb1c9f-ebdd-499c-8960-02b12d8bc965","2023-02-27T18:05:33.370279"
"442","lagos","NRM",609,20,20,7060195,1271449,"3ebb1c9f-ebdd-499c-8960-02b12d8bc965","2023-02-27T18:05:33.370279"
"443","lagos","PDP",75750,20,20,7060195,1271449,"3ebb1c9f-ebdd-499c-8960-02b12d8bc965","2023-02-27T18:05:33.370279"
"444","lagos","PRP",1120,20,20,7060195,1271449,"3ebb1c9f-ebdd-499c-8960-02b12d8bc965","2023-02-27T18:05:33.370279"
"445","lagos","APGA",2316,20,20,7060195,1271449,"3ebb1c9f-ebdd-499c-8960-02b12d8bc965","2023-02-27T18:05:33.370279"
"446","lagos","ADC",5789,20,20,7060195,1271449,"3ebb1c9f-ebdd-499c-8960-02b12d8bc965","2023-02-27T18:05:33.370279"
"447","lagos","APM",709,20,20,7060195,1271449,"3ebb1c9f-ebdd-499c-8960-02b12d8bc965","2023-02-27T18:05:33.370279"
"448","lagos","APP",371,20,20,7060195,1271449,"3ebb1c9f-ebdd-499c-8960-02b12d8bc965","2023-02-27T18:05:33.370279"
"449","lagos","BP",1837,20,20,7060195,1271449,"3ebb1c9f-ebdd-499c-8960-02b12d8bc965","2023-02-27T18:05:33.370279"
"450","lagos","LP",582454,20,20,7060195,1271449,"3ebb1c9f-ebdd-499c-8960-02b12d8bc965","2023-02-27T18:05:33.370279"
"451","nasarawa","ZLP",2660,13,13,1899244,540566,"d71da094-7c9a-49db-8d23-24aca5c8d291","2023-02-27T22:38:57.232539"
"452","nasarawa","LP",191361,13,13,1899244,540566,"d71da094-7c9a-49db-8d23-24aca5c8d291","2023-02-27T22:38:57.232539"
"453","nasarawa","NNPP",12715,13,13,1899244,540566,"d71da094-7c9a-49db-8d23-24aca5c8d291","2023-02-27T22:38:57.232539"
"454","nasarawa","NRM",405,13,13,1899244,540566,"d71da094-7c9a-49db-8d23-24aca5c8d291","2023-02-27T22:38:57.232539"
"455","nasarawa","PDP",147093,13,13,1899244,540566,"d71da094-7c9a-49db-8d23-24aca5c8d291","2023-02-27T22:38:57.232539"
"456","nasarawa","PRP",317,13,13,1899244,540566,"d71da094-7c9a-49db-8d23-24aca5c8d291","2023-02-27T22:38:57.232539"
"457","nasarawa","SDP",8046,13,13,1899244,540566,"d71da094-7c9a-49db-8d23-24aca5c8d291","2023-02-27T22:38:57.232539"
"458","nasarawa","YPP",249,13,13,1899244,540566,"d71da094-7c9a-49db-8d23-24aca5c8d291","2023-02-27T22:38:57.232539"
"459","nasarawa","ADP",788,13,13,1899244,540566,"d71da094-7c9a-49db-8d23-24aca5c8d291","2023-02-27T22:38:57.232539"
"460","nasarawa","APC",172922,13,13,1899244,540566,"d71da094-7c9a-49db-8d23-24aca5c8d291","2023-02-27T22:38:57.232539"
"461","nasarawa","APGA",989,13,13,1899244,540566,"d71da094-7c9a-49db-8d23-24aca5c8d291","2023-02-27T22:38:57.232539"
"462","nasarawa","APM",356,13,13,1899244,540566,"d71da094-7c9a-49db-8d23-24aca5c8d291","2023-02-27T22:38:57.232539"
"463","nasarawa","A",494,13,13,1899244,540566,"d71da094-7c9a-49db-8d23-24aca5c8d291","2023-02-27T22:38:57.232539"
"464","nasarawa","AA",554,13,13,1899244,540566,"d71da094-7c9a-49db-8d23-24aca5c8d291","2023-02-27T22:38:57.232539"
"465","nasarawa","AAC",117,13,13,1899244,540566,"d71da094-7c9a-49db-8d23-24aca5c8d291","2023-02-27T22:38:57.232539"
"466","nasarawa","APP",187,13,13,1899244,540566,"d71da094-7c9a-49db-8d23-24aca5c8d291","2023-02-27T22:38:57.232539"
"467","nasarawa","BP",340,13,13,1899244,540566,"d71da094-7c9a-49db-8d23-24aca5c8d291","2023-02-27T22:38:57.232539"
"468","nasarawa","ADC",973,13,13,1899244,540566,"d71da094-7c9a-49db-8d23-24aca5c8d291","2023-02-27T22:38:57.232539"
"469","niger","SDP",520,25,25,2698344,778668,"605b62a7-6dea-41c2-b00d-85db49d5778d","2023-02-28T16:43:10.703384"
"470","niger","YPP",591,25,25,2698344,778668,"605b62a7-6dea-41c2-b00d-85db49d5778d","2023-02-28T16:43:10.703384"
"471","niger","ZLP",2432,25,25,2698344,778668,"605b62a7-6dea-41c2-b00d-85db49d5778d","2023-02-28T16:43:10.703384"
"472","niger","NRM",1032,25,25,2698344,778668,"605b62a7-6dea-41c2-b00d-85db49d5778d","2023-02-28T16:43:10.703384"
"473","niger","PDP",284898,25,25,2698344,778668,"605b62a7-6dea-41c2-b00d-85db49d5778d","2023-02-28T16:43:10.703384"
"474","niger","PRP",2534,25,25,2698344,778668,"605b62a7-6dea-41c2-b00d-85db49d5778d","2023-02-28T16:43:10.703384"
"475","niger","APP",302,25,25,2698344,778668,"605b62a7-6dea-41c2-b00d-85db49d5778d","2023-02-28T16:43:10.703384"
"476","niger","BP",303,25,25,2698344,778668,"605b62a7-6dea-41c2-b00d-85db49d5778d","2023-02-28T16:43:10.703384"
"477","niger","LP",80452,25,25,2698344,778668,"605b62a7-6dea-41c2-b00d-85db49d5778d","2023-02-28T16:43:10.703384"
"478","niger","NNPP",21836,25,25,2698344,778668,"605b62a7-6dea-41c2-b00d-85db49d5778d","2023-02-28T16:43:10.703384"
"479","niger","ADC",1656,25,25,2698344,778668,"605b62a7-6dea-41c2-b00d-85db49d5778d","2023-02-28T16:43:10.703384"
"480","niger","ADP",2313,25,25,2698344,778668,"605b62a7-6dea-41c2-b00d-85db49d5778d","2023-02-28T16:43:10.703384"
"481","niger","APC",375183,25,25,2698344,778668,"605b62a7-6dea-41c2-b00d-85db49d5778d","2023-02-28T16:43:10.703384"
"482","niger","APGA",2539,25,25,2698344,778668,"605b62a7-6dea-41c2-b00d-85db49d5778d","2023-02-28T16:43:10.703384"
"483","niger","A",463,25,25,2698344,778668,"605b62a7-6dea-41c2-b00d-85db49d5778d","2023-02-28T16:43:10.703384"
"484","niger","AA",752,25,25,2698344,778668,"605b62a7-6dea-41c2-b00d-85db49d5778d","2023-02-28T16:43:10.703384"
"485","niger","AAC",264,25,25,2698344,778668,"605b62a7-6dea-41c2-b00d-85db49d5778d","2023-02-28T16:43:10.703384"
"486","niger","APM",598,25,25,2698344,778668,"605b62a7-6dea-41c2-b00d-85db49d5778d","2023-02-28T16:43:10.703384"
"487","ogun","A",1153,20,20,2688305,580305,"bcbca361-1878-4024-9276-0e9df733049b","2023-02-27T21:23:08.629426"
"488","ogun","AA",331,20,20,2688305,580305,"bcbca361-1878-4024-9276-0e9df733049b","2023-02-27T21:23:08.629426"
"489","ogun","AAC",923,20,20,2688305,580305,"bcbca361-1878-4024-9276-0e9df733049b","2023-02-27T21:23:08.629426"
"490","ogun","ADC",10529,20,20,2688305,580305,"bcbca361-1878-4024-9276-0e9df733049b","2023-02-27T21:23:08.629426"
"491","ogun","ADP",1734,20,20,2688305,580305,"bcbca361-1878-4024-9276-0e9df733049b","2023-02-27T21:23:08.629426"
"492","ogun","APC",341554,20,20,2688305,580305,"bcbca361-1878-4024-9276-0e9df733049b","2023-02-27T21:23:08.629426"
"493","ogun","APGA",934,20,20,2688305,580305,"bcbca361-1878-4024-9276-0e9df733049b","2023-02-27T21:23:08.629426"
"494","ogun","APM",6012,20,20,2688305,580305,"bcbca361-1878-4024-9276-0e9df733049b","2023-02-27T21:23:08.629426"
"495","ogun","APP",326,20,20,2688305,580305,"bcbca361-1878-4024-9276-0e9df733049b","2023-02-27T21:23:08.629426"
"496","ogun","BP",374,20,20,2688305,580305,"bcbca361-1878-4024-9276-0e9df733049b","2023-02-27T21:23:08.629426"
"497","ogun","LP",85829,20,20,2688305,580305,"bcbca361-1878-4024-9276-0e9df733049b","2023-02-27T21:23:08.629426"
"498","ogun","NNPP",2200,20,20,2688305,580305,"bcbca361-1878-4024-9276-0e9df733049b","2023-02-27T21:23:08.629426"
"499","ogun","YPP",366,20,20,2688305,580305,"bcbca361-1878-4024-9276-0e9df733049b","2023-02-27T21:23:08.629426"
"500","ogun","ZLP",2393,20,20,2688305,580305,"bcbca361-1878-4024-9276-0e9df733049b","2023-02-27T21:23:08.629426"
"501","ogun","NRM",542,20,20,2688305,580305,"bcbca361-1878-4024-9276-0e9df733049b","2023-02-27T21:23:08.629426"
"502","ogun","PRP",536,20,20,2688305,580305,"bcbca361-1878-4024-9276-0e9df733049b","2023-02-27T21:23:08.629426"
"503","ogun","SDP",738,20,20,2688305,580305,"bcbca361-1878-4024-9276-0e9df733049b","2023-02-27T21:23:08.629426"
"504","ogun","PDP",123831,20,20,2688305,580305,"bcbca361-1878-4024-9276-0e9df733049b","2023-02-27T21:23:08.629426"
"505","ondo","APC",369924,18,18,1991344,550551,"c0742913-2dd7-44a2-b1b7-88b67965e999","2023-03-01T04:00:43.244507"
"506","ondo","APGA",1206,18,18,1991344,550551,"c0742913-2dd7-44a2-b1b7-88b67965e999","2023-03-01T04:00:43.244507"
"507","ondo","APM",319,18,18,1991344,550551,"c0742913-2dd7-44a2-b1b7-88b67965e999","2023-03-01T04:00:43.244507"
"508","ondo","ADP",1266,18,18,1991344,550551,"c0742913-2dd7-44a2-b1b7-88b67965e999","2023-03-01T04:00:43.244507"
"509","ondo","NRM",347,18,18,1991344,550551,"c0742913-2dd7-44a2-b1b7-88b67965e999","2023-03-01T04:00:43.244507"
"510","ondo","ZLP",4758,18,18,1991344,550551,"c0742913-2dd7-44a2-b1b7-88b67965e999","2023-03-01T04:00:43.244507"
"511","ondo","PDP",115463,18,18,1991344,550551,"c0742913-2dd7-44a2-b1b7-88b67965e999","2023-03-01T04:00:43.244507"
"512","ondo","APP",235,18,18,1991344,550551,"c0742913-2dd7-44a2-b1b7-88b67965e999","2023-03-01T04:00:43.244507"
"513","ondo","BP",200,18,18,1991344,550551,"c0742913-2dd7-44a2-b1b7-88b67965e999","2023-03-01T04:00:43.244507"
"514","ondo","A",130,18,18,1991344,550551,"c0742913-2dd7-44a2-b1b7-88b67965e999","2023-03-01T04:00:43.244507"
"515","ondo","AA",50,18,18,1991344,550551,"c0742913-2dd7-44a2-b1b7-88b67965e999","2023-03-01T04:00:43.244507"
"516","ondo","AAC",890,18,18,1991344,550551,"c0742913-2dd7-44a2-b1b7-88b67965e999","2023-03-01T04:00:43.244507"
"517","ondo","ADC",5612,18,18,1991344,550551,"c0742913-2dd7-44a2-b1b7-88b67965e999","2023-03-01T04:00:43.244507"
"518","ondo","PRP",240,18,18,1991344,550551,"c0742913-2dd7-44a2-b1b7-88b67965e999","2023-03-01T04:00:43.244507"
"519","ondo","SDP",1291,18,18,1991344,550551,"c0742913-2dd7-44a2-b1b7-88b67965e999","2023-03-01T04:00:43.244507"
"520","ondo","YPP",340,18,18,1991344,550551,"c0742913-2dd7-44a2-b1b7-88b67965e999","2023-03-01T04:00:43.244507"
"521","ondo","NNPP",930,18,18,1991344,550551,"c0742913-2dd7-44a2-b1b7-88b67965e999","2023-03-01T04:00:43.244507"
"522","ondo","LP",47350,18,18,1991344,550551,"c0742913-2dd7-44a2-b1b7-88b67965e999","2023-03-01T04:00:43.244507"
"523","osun","AA",129,30,30,1954800,733203,"7184c9fa-7cb8-405e-a962-feeb5fa522ce","2023-02-27T12:56:19.796507"
"524","osun","AAC",402,30,30,1954800,733203,"7184c9fa-7cb8-405e-a962-feeb5fa522ce","2023-02-27T12:56:19.796507"
"525","osun","ADC",3988,30,30,1954800,733203,"7184c9fa-7cb8-405e-a962-feeb5fa522ce","2023-02-27T12:56:19.796507"
"526","osun","ZLP",1121,30,30,1954800,733203,"7184c9fa-7cb8-405e-a962-feeb5fa522ce","2023-02-27T12:56:19.796507"
"527","osun","A",1006,30,30,1954800,733203,"7184c9fa-7cb8-405e-a962-feeb5fa522ce","2023-02-27T12:56:19.796507"
"528","osun","ADP",1519,30,30,1954800,733203,"7184c9fa-7cb8-405e-a962-feeb5fa522ce","2023-02-27T12:56:19.796507"
"529","osun","SDP",225,30,30,1954800,733203,"7184c9fa-7cb8-405e-a962-feeb5fa522ce","2023-02-27T12:56:19.796507"
"530","osun","LP",23283,30,30,1954800,733203,"7184c9fa-7cb8-405e-a962-feeb5fa522ce","2023-02-27T12:56:19.796507"
"531","osun","NNPP",713,30,30,1954800,733203,"7184c9fa-7cb8-405e-a962-feeb5fa522ce","2023-02-27T12:56:19.796507"
"532","osun","NRM",623,30,30,1954800,733203,"7184c9fa-7cb8-405e-a962-feeb5fa522ce","2023-02-27T12:56:19.796507"
"533","osun","PDP",354366,30,30,1954800,733203,"7184c9fa-7cb8-405e-a962-feeb5fa522ce","2023-02-27T12:56:19.796507"
"534","osun","APC",343945,30,30,1954800,733203,"7184c9fa-7cb8-405e-a962-feeb5fa522ce","2023-02-27T12:56:19.796507"
"535","osun","APGA",613,30,30,1954800,733203,"7184c9fa-7cb8-405e-a962-feeb5fa522ce","2023-02-27T12:56:19.796507"
"536","osun","APM",291,30,30,1954800,733203,"7184c9fa-7cb8-405e-a962-feeb5fa522ce","2023-02-27T12:56:19.796507"
"537","osun","APP",149,30,30,1954800,733203,"7184c9fa-7cb8-405e-a962-feeb5fa522ce","2023-02-27T12:56:19.796507"
"538","osun","BP",206,30,30,1954800,733203,"7184c9fa-7cb8-405e-a962-feeb5fa522ce","2023-02-27T12:56:19.796507"
"539","osun","YPP",347,30,30,1954800,733203,"7184c9fa-7cb8-405e-a962-feeb5fa522ce","2023-02-27T12:56:19.796507"
"540","osun","PRP",277,30,30,1954800,733203,"7184c9fa-7cb8-405e-a962-feeb5fa522ce","2023-02-27T12:56:19.796507"
"541","oyo","SDP",14517,33,33,3276675,809485,"0fefaec5-51a2-424b-8493-43ae8313d0ca","2023-02-27T21:20:05.733422"
"542","oyo","YPP",572,33,33,3276675,809485,"0fefaec5-51a2-424b-8493-43ae8313d0ca","2023-02-27T21:20:05.733422"
"543","oyo","APP",1985,33,33,3276675,809485,"0fefaec5-51a2-424b-8493-43ae8313d0ca","2023-02-27T21:20:05.733422"
"544","oyo","BP",363,33,33,3276675,809485,"0fefaec5-51a2-424b-8493-43ae8313d0ca","2023-02-27T21:20:05.733422"
"545","oyo","LP",99110,33,33,3276675,809485,"0fefaec5-51a2-424b-8493-43ae8313d0ca","2023-02-27T21:20:05.733422"
"546","oyo","NNPP",4095,33,33,3276675,809485,"0fefaec5-51a2-424b-8493-43ae8313d0ca","2023-02-27T21:20:05.733422"
"547","oyo","NRM",659,33,33,3276675,809485,"0fefaec5-51a2-424b-8493-43ae8313d0ca","2023-02-27T21:20:05.733422"
"548","oyo","PDP",182977,33,33,3276675,809485,"0fefaec5-51a2-424b-8493-43ae8313d0ca","2023-02-27T21:20:05.733422"
"549","oyo","ZLP",2891,33,33,3276675,809485,"0fefaec5-51a2-424b-8493-43ae8313d0ca","2023-02-27T21:20:05.733422"
"550","oyo","PRP",433,33,33,3276675,809485,"0fefaec5-51a2-424b-8493-43ae8313d0ca","2023-02-27T21:20:05.733422"
"551","oyo","APM",462,33,33,3276675,809485,"0fefaec5-51a2-424b-8493-43ae8313d0ca","2023-02-27T21:20:05.733422"
"552","oyo","A",39514,33,33,3276675,809485,"0fefaec5-51a2-424b-8493-43ae8313d0ca","2023-02-27T21:20:05.733422"
"553","oyo","AA",1124,33,33,3276675,809485,"0fefaec5-51a2-424b-8493-43ae8313d0ca","2023-02-27T21:20:05.733422"
"554","oyo","AAC",1153,33,33,3276675,809485,"0fefaec5-51a2-424b-8493-43ae8313d0ca","2023-02-27T21:20:05.733422"
"555","oyo","ADC",6080,33,33,3276675,809485,"0fefaec5-51a2-424b-8493-43ae8313d0ca","2023-02-27T21:20:05.733422"
"556","oyo","ADP",2298,33,33,3276675,809485,"0fefaec5-51a2-424b-8493-43ae8313d0ca","2023-02-27T21:20:05.733422"
"557","oyo","APC",449884,33,33,3276675,809485,"0fefaec5-51a2-424b-8493-43ae8313d0ca","2023-02-27T21:20:05.733422"
"558","oyo","APGA",1368,33,33,3276675,809485,"0fefaec5-51a2-424b-8493-43ae8313d0ca","2023-02-27T21:20:05.733422"
"559","plateau","AA",342,17,17,2789528,1088170,"69bb2eb9-a200-419c-a66f-76ed1b598a7b","2023-02-28T17:54:09.38488"
"560","plateau","A",539,17,17,2789528,1088170,"69bb2eb9-a200-419c-a66f-76ed1b598a7b","2023-02-28T17:54:09.38488"
"561","plateau","AAC",420,17,17,2789528,1088170,"69bb2eb9-a200-419c-a66f-76ed1b598a7b","2023-02-28T17:54:09.38488"
"562","plateau","ADC",1728,17,17,2789528,1088170,"69bb2eb9-a200-419c-a66f-76ed1b598a7b","2023-02-28T17:54:09.38488"
"563","plateau","ADP",1922,17,17,2789528,1088170,"69bb2eb9-a200-419c-a66f-76ed1b598a7b","2023-02-28T17:54:09.38488"
"564","plateau","APC",307195,17,17,2789528,1088170,"69bb2eb9-a200-419c-a66f-76ed1b598a7b","2023-02-28T17:54:09.38488"
"565","plateau","APGA",883,17,17,2789528,1088170,"69bb2eb9-a200-419c-a66f-76ed1b598a7b","2023-02-28T17:54:09.38488"
"566","plateau","NRM",955,17,17,2789528,1088170,"69bb2eb9-a200-419c-a66f-76ed1b598a7b","2023-02-28T17:54:09.38488"
"567","plateau","SDP",879,17,17,2789528,1088170,"69bb2eb9-a200-419c-a66f-76ed1b598a7b","2023-02-28T17:54:09.38488"
"568","plateau","PDP",243808,17,17,2789528,1088170,"69bb2eb9-a200-419c-a66f-76ed1b598a7b","2023-02-28T17:54:09.38488"
"569","plateau","PRP",49201,17,17,2789528,1088170,"69bb2eb9-a200-419c-a66f-76ed1b598a7b","2023-02-28T17:54:09.38488"
"570","plateau","APP",260,17,17,2789528,1088170,"69bb2eb9-a200-419c-a66f-76ed1b598a7b","2023-02-28T17:54:09.38488"
"571","plateau","BP",1008,17,17,2789528,1088170,"69bb2eb9-a200-419c-a66f-76ed1b598a7b","2023-02-28T17:54:09.38488"
"572","plateau","LP",466272,17,17,2789528,1088170,"69bb2eb9-a200-419c-a66f-76ed1b598a7b","2023-02-28T17:54:09.38488"
"573","plateau","NNPP",8869,17,17,2789528,1088170,"69bb2eb9-a200-419c-a66f-76ed1b598a7b","2023-02-28T17:54:09.38488"
"574","plateau","APM",380,17,17,2789528,1088170,"69bb2eb9-a200-419c-a66f-76ed1b598a7b","2023-02-28T17:54:09.38488"
"575","plateau","ZLP",2886,17,17,2789528,1088170,"69bb2eb9-a200-419c-a66f-76ed1b598a7b","2023-02-28T17:54:09.38488"
"576","plateau","YPP",623,17,17,2789528,1088170,"69bb2eb9-a200-419c-a66f-76ed1b598a7b","2023-02-28T17:54:09.38488"
"577","rivers","A",1875,23,23,3537190,523651,"9fca4c4b-7875-44d2-aece-71e9223a8e3f","2023-03-01T00:48:58.203464"
"578","rivers","APM",579,23,23,3537190,523651,"9fca4c4b-7875-44d2-aece-71e9223a8e3f","2023-03-01T00:48:58.203464"
"579","rivers","AA",321,23,23,3537190,523651,"9fca4c4b-7875-44d2-aece-71e9223a8e3f","2023-03-01T00:48:58.203464"
"580","rivers","AAC",443,23,23,3537190,523651,"9fca4c4b-7875-44d2-aece-71e9223a8e3f","2023-03-01T00:48:58.203464"
"581","rivers","ADC",1823,23,23,3537190,523651,"9fca4c4b-7875-44d2-aece-71e9223a8e3f","2023-03-01T00:48:58.203464"
"582","rivers","ADP",953,23,23,3537190,523651,"9fca4c4b-7875-44d2-aece-71e9223a8e3f","2023-03-01T00:48:58.203464"
"583","rivers","LP",175071,23,23,3537190,523651,"9fca4c4b-7875-44d2-aece-71e9223a8e3f","2023-03-01T00:48:58.203464"
"584","rivers","NNPP",1322,23,23,3537190,523651,"9fca4c4b-7875-44d2-aece-71e9223a8e3f","2023-03-01T00:48:58.203464"
"585","rivers","NRM",888,23,23,3537190,523651,"9fca4c4b-7875-44d2-aece-71e9223a8e3f","2023-03-01T00:48:58.203464"
"586","rivers","PDP",88468,23,23,3537190,523651,"9fca4c4b-7875-44d2-aece-71e9223a8e3f","2023-03-01T00:48:58.203464"
"587","rivers","PRP",275,23,23,3537190,523651,"9fca4c4b-7875-44d2-aece-71e9223a8e3f","2023-03-01T00:48:58.203464"
"588","rivers","SDP",10514,23,23,3537190,523651,"9fca4c4b-7875-44d2-aece-71e9223a8e3f","2023-03-01T00:48:58.203464"
"589","rivers","APP",849,23,23,3537190,523651,"9fca4c4b-7875-44d2-aece-71e9223a8e3f","2023-03-01T00:48:58.203464"
"590","rivers","BP",451,23,23,3537190,523651,"9fca4c4b-7875-44d2-aece-71e9223a8e3f","2023-03-01T00:48:58.203464"
"591","rivers","APC",231591,23,23,3537190,523651,"9fca4c4b-7875-44d2-aece-71e9223a8e3f","2023-03-01T00:48:58.203464"
"592","rivers","APGA",1468,23,23,3537190,523651,"9fca4c4b-7875-44d2-aece-71e9223a8e3f","2023-03-01T00:48:58.203464"
"593","rivers","ZLP",5963,23,23,3537190,523651,"9fca4c4b-7875-44d2-aece-71e9223a8e3f","2023-03-01T00:48:58.203464"
"594","rivers","YPP",797,23,23,3537190,523651,"9fca4c4b-7875-44d2-aece-71e9223a8e3f","2023-03-01T00:48:58.203464"
"595","sokoto","ZLP",208,23,23,2172056,586869,"1d3e186a-63f0-41c9-bd78-7d51fb999a5e","2023-02-28T18:48:17.999528"
"596","sokoto","A",115,23,23,2172056,586869,"1d3e186a-63f0-41c9-bd78-7d51fb999a5e","2023-02-28T18:48:17.999528"
"597","sokoto","AA",110,23,23,2172056,586869,"1d3e186a-63f0-41c9-bd78-7d51fb999a5e","2023-02-28T18:48:17.999528"
"598","sokoto","AAC",128,23,23,2172056,586869,"1d3e186a-63f0-41c9-bd78-7d51fb999a5e","2023-02-28T18:48:17.999528"
"599","sokoto","ADC",486,23,23,2172056,586869,"1d3e186a-63f0-41c9-bd78-7d51fb999a5e","2023-02-28T18:48:17.999528"
"600","sokoto","YPP",175,23,23,2172056,586869,"1d3e186a-63f0-41c9-bd78-7d51fb999a5e","2023-02-28T18:48:17.999528"
"601","sokoto","ADP",1105,23,23,2172056,586869,"1d3e186a-63f0-41c9-bd78-7d51fb999a5e","2023-02-28T18:48:17.999528"
"602","sokoto","APC",285444,23,23,2172056,586869,"1d3e186a-63f0-41c9-bd78-7d51fb999a5e","2023-02-28T18:48:17.999528"
"603","sokoto","APGA",808,23,23,2172056,586869,"1d3e186a-63f0-41c9-bd78-7d51fb999a5e","2023-02-28T18:48:17.999528"
"604","sokoto","APM",273,23,23,2172056,586869,"1d3e186a-63f0-41c9-bd78-7d51fb999a5e","2023-02-28T18:48:17.999528"
"605","sokoto","APP",219,23,23,2172056,586869,"1d3e186a-63f0-41c9-bd78-7d51fb999a5e","2023-02-28T18:48:17.999528"
"606","sokoto","BP",126,23,23,2172056,586869,"1d3e186a-63f0-41c9-bd78-7d51fb999a5e","2023-02-28T18:48:17.999528"
"607","sokoto","LP",6568,23,23,2172056,586869,"1d3e186a-63f0-41c9-bd78-7d51fb999a5e","2023-02-28T18:48:17.999528"
"608","sokoto","NNPP",1300,23,23,2172056,586869,"1d3e186a-63f0-41c9-bd78-7d51fb999a5e","2023-02-28T18:48:17.999528"
"609","sokoto","NRM",681,23,23,2172056,586869,"1d3e186a-63f0-41c9-bd78-7d51fb999a5e","2023-02-28T18:48:17.999528"
"610","sokoto","PDP",288679,23,23,2172056,586869,"1d3e186a-63f0-41c9-bd78-7d51fb999a5e","2023-02-28T18:48:17.999528"
"611","sokoto","PRP",324,23,23,2172056,586869,"1d3e186a-63f0-41c9-bd78-7d51fb999a5e","2023-02-28T18:48:17.999528"
"612","sokoto","SDP",120,23,23,2172056,586869,"1d3e186a-63f0-41c9-bd78-7d51fb999a5e","2023-02-28T18:48:17.999528"
"613","taraba","A",309,16,16,2022374,499358,"5e4c21a5-52f6-4694-8a8d-d6808041e64d","2023-03-01T00:28:59.137725"
"614","taraba","AA",387,16,16,2022374,499358,"5e4c21a5-52f6-4694-8a8d-d6808041e64d","2023-03-01T00:28:59.137725"
"615","taraba","AAC",291,16,16,2022374,499358,"5e4c21a5-52f6-4694-8a8d-d6808041e64d","2023-03-01T00:28:59.137725"
"616","taraba","ADP",715,16,16,2022374,499358,"5e4c21a5-52f6-4694-8a8d-d6808041e64d","2023-03-01T00:28:59.137725"
"617","taraba","ADC",1089,16,16,2022374,499358,"5e4c21a5-52f6-4694-8a8d-d6808041e64d","2023-03-01T00:28:59.137725"
"618","taraba","APC",135165,16,16,2022374,499358,"5e4c21a5-52f6-4694-8a8d-d6808041e64d","2023-03-01T00:28:59.137725"
"619","taraba","APGA",4526,16,16,2022374,499358,"5e4c21a5-52f6-4694-8a8d-d6808041e64d","2023-03-01T00:28:59.137725"
"620","taraba","APM",471,16,16,2022374,499358,"5e4c21a5-52f6-4694-8a8d-d6808041e64d","2023-03-01T00:28:59.137725"
"621","taraba","APP",384,16,16,2022374,499358,"5e4c21a5-52f6-4694-8a8d-d6808041e64d","2023-03-01T00:28:59.137725"
"622","taraba","BP",376,16,16,2022374,499358,"5e4c21a5-52f6-4694-8a8d-d6808041e64d","2023-03-01T00:28:59.137725"
"623","taraba","LP",146315,16,16,2022374,499358,"5e4c21a5-52f6-4694-8a8d-d6808041e64d","2023-03-01T00:28:59.137725"
"624","taraba","ZLP",1994,16,16,2022374,499358,"5e4c21a5-52f6-4694-8a8d-d6808041e64d","2023-03-01T00:28:59.137725"
"625","taraba","NNPP",12818,16,16,2022374,499358,"5e4c21a5-52f6-4694-8a8d-d6808041e64d","2023-03-01T00:28:59.137725"
"626","taraba","NRM",609,16,16,2022374,499358,"5e4c21a5-52f6-4694-8a8d-d6808041e64d","2023-03-01T00:28:59.137725"
"627","taraba","PDP",189017,16,16,2022374,499358,"5e4c21a5-52f6-4694-8a8d-d6808041e64d","2023-03-01T00:28:59.137725"
"628","taraba","PRP",579,16,16,2022374,499358,"5e4c21a5-52f6-4694-8a8d-d6808041e64d","2023-03-01T00:28:59.137725"
"629","taraba","SDP",4000,16,16,2022374,499358,"5e4c21a5-52f6-4694-8a8d-d6808041e64d","2023-03-01T00:28:59.137725"
"630","taraba","YPP",313,16,16,2022374,499358,"5e4c21a5-52f6-4694-8a8d-d6808041e64d","2023-03-01T00:28:59.137725"
"631","yobe","APP",256,17,17,1485146,378397,"57a0e96f-c3dc-4d4b-b4d4-be613cf802db","2023-02-27T21:25:33.319165"
"632","yobe","PDP",198567,17,17,1485146,378397,"57a0e96f-c3dc-4d4b-b4d4-be613cf802db","2023-02-27T21:25:33.319165"
"633","yobe","PRP",265,17,17,1485146,378397,"57a0e96f-c3dc-4d4b-b4d4-be613cf802db","2023-02-27T21:25:33.319165"
"634","yobe","SDP",192,17,17,1485146,378397,"57a0e96f-c3dc-4d4b-b4d4-be613cf802db","2023-02-27T21:25:33.319165"
"635","yobe","YPP",630,17,17,1485146,378397,"57a0e96f-c3dc-4d4b-b4d4-be613cf802db","2023-02-27T21:25:33.319165"
"636","yobe","ZLP",407,17,17,1485146,378397,"57a0e96f-c3dc-4d4b-b4d4-be613cf802db","2023-02-27T21:25:33.319165"
"637","yobe","BP",149,17,17,1485146,378397,"57a0e96f-c3dc-4d4b-b4d4-be613cf802db","2023-02-27T21:25:33.319165"
"638","yobe","LP",2406,17,17,1485146,378397,"57a0e96f-c3dc-4d4b-b4d4-be613cf802db","2023-02-27T21:25:33.319165"
"639","yobe","NNPP",18270,17,17,1485146,378397,"57a0e96f-c3dc-4d4b-b4d4-be613cf802db","2023-02-27T21:25:33.319165"
"640","yobe","NRM",672,17,17,1485146,378397,"57a0e96f-c3dc-4d4b-b4d4-be613cf802db","2023-02-27T21:25:33.319165"
"641","yobe","A",312,17,17,1485146,378397,"57a0e96f-c3dc-4d4b-b4d4-be613cf802db","2023-02-27T21:25:33.319165"
"642","yobe","AA",915,17,17,1485146,378397,"57a0e96f-c3dc-4d4b-b4d4-be613cf802db","2023-02-27T21:25:33.319165"
"643","yobe","AAC",221,17,17,1485146,378397,"57a0e96f-c3dc-4d4b-b4d4-be613cf802db","2023-02-27T21:25:33.319165"
"644","yobe","ADC",1034,17,17,1485146,378397,"57a0e96f-c3dc-4d4b-b4d4-be613cf802db","2023-02-27T21:25:33.319165"
"645","yobe","ADP",1295,17,17,1485146,378397,"57a0e96f-c3dc-4d4b-b4d4-be613cf802db","2023-02-27T21:25:33.319165"
"646","yobe","APC",151459,17,17,1485146,378397,"57a0e96f-c3dc-4d4b-b4d4-be613cf802db","2023-02-27T21:25:33.319165"
"647","yobe","APGA",875,17,17,1485146,378397,"57a0e96f-c3dc-4d4b-b4d4-be613cf802db","2023-02-27T21:25:33.319165"
"648","yobe","APM",472,17,17,1485146,378397,"57a0e96f-c3dc-4d4b-b4d4-be613cf802db","2023-02-27T21:25:33.319165"
"649","zamfara","AAC",99,14,14,1926870,502923,"5eccfb10-af1d-4d45-8b7c-21b70ae322d2","2023-02-28T18:37:40.865463"
"650","zamfara","ADC",582,14,14,1926870,502923,"5eccfb10-af1d-4d45-8b7c-21b70ae322d2","2023-02-28T18:37:40.865463"
"651","zamfara","ADP",855,14,14,1926870,502923,"5eccfb10-af1d-4d45-8b7c-21b70ae322d2","2023-02-28T18:37:40.865463"
"652","zamfara","A",122,14,14,1926870,502923,"5eccfb10-af1d-4d45-8b7c-21b70ae322d2","2023-02-28T18:37:40.865463"
"653","zamfara","AA",210,14,14,1926870,502923,"5eccfb10-af1d-4d45-8b7c-21b70ae322d2","2023-02-28T18:37:40.865463"
"654","zamfara","PRP",266,14,14,1926870,502923,"5eccfb10-af1d-4d45-8b7c-21b70ae322d2","2023-02-28T18:37:40.865463"
"655","zamfara","SDP",81,14,14,1926870,502923,"5eccfb10-af1d-4d45-8b7c-21b70ae322d2","2023-02-28T18:37:40.865463"
"656","zamfara","YPP",355,14,14,1926870,502923,"5eccfb10-af1d-4d45-8b7c-21b70ae322d2","2023-02-28T18:37:40.865463"
"657","zamfara","ZLP",142,14,14,1926870,502923,"5eccfb10-af1d-4d45-8b7c-21b70ae322d2","2023-02-28T18:37:40.865463"
"658","zamfara","APC",298396,14,14,1926870,502923,"5eccfb10-af1d-4d45-8b7c-21b70ae322d2","2023-02-28T18:37:40.865463"
"659","zamfara","APGA",921,14,14,1926870,502923,"5eccfb10-af1d-4d45-8b7c-21b70ae322d2","2023-02-28T18:37:40.865463"
"660","zamfara","APM",218,14,14,1926870,502923,"5eccfb10-af1d-4d45-8b7c-21b70ae322d2","2023-02-28T18:37:40.865463"
"661","zamfara","APP",149,14,14,1926870,502923,"5eccfb10-af1d-4d45-8b7c-21b70ae322d2","2023-02-28T18:37:40.865463"
"662","zamfara","BP",44,14,14,1926870,502923,"5eccfb10-af1d-4d45-8b7c-21b70ae322d2","2023-02-28T18:37:40.865463"
"663","zamfara","LP",1660,14,14,1926870,502923,"5eccfb10-af1d-4d45-8b7c-21b70ae322d2","2023-02-28T18:37:40.865463"
"664","zamfara","NNPP",4044,14,14,1926870,502923,"5eccfb10-af1d-4d45-8b7c-21b70ae322d2","2023-02-28T18:37:40.865463"
"665","zamfara","NRM",801,14,14,1926870,502923,"5eccfb10-af1d-4d45-8b7c-21b70ae322d2","2023-02-28T18:37:40.865463"
"666","zamfara","PDP",193978,14,14,1926870,502923,"5eccfb10-af1d-4d45-8b7c-21b70ae322d2","2023-02-28T18:37:40.865463"
